,Achternaam,Voornaam,Stud.Nr.,Vakken,Vak1,Vak2,Vak3,Vak4,Vak5
0,Abbing,Yanick,52311353,"{'Data Mining', 'Analysemethoden en -technieken', 'Lineaire Algebra', 'Software engineering'}",Analysemethoden en -technieken,Data Mining,Lineaire Algebra,Software engineering,
1,Adam,Roelof,76903244,{'Webprogrammeren en databases'},Webprogrammeren en databases,,,,
2,Agema,Willibrordus,6709529,{'Calculus 2'},Calculus 2,,,,
3,Anker,Servaas,70015932,"{'Software engineering', 'Architectuur en computerorganisatie'}",Architectuur en computerorganisatie,Software engineering,,,
4,Ankone,Wissal,82066165,"{'Project Genetic Algorithms', 'Compilerbouw practicum'}",Compilerbouw practicum,Project Genetic Algorithms,,,
5,Apeldoorn,Herman,1886996,"{'Heuristieken 2', 'Advanced Heuristics'}",Advanced Heuristics,Heuristieken 2,,,
6,Appel,Evi,13534377,{'Collectieve Intelligentie'},Collectieve Intelligentie,,,,
7,Appelhof,Wilmer,54395877,{'Programmeren in Java 2'},Programmeren in Java 2,,,,
8,Arendse,Benjamin,53512831,{'Webprogrammeren en databases'},Webprogrammeren en databases,,,,
9,Aslan,Diny,56348773,{'Calculus 2'},Calculus 2,,,,
10,Autar,Chesney,13218321,{'Moderne Databases'},Moderne Databases,,,,
11,Avci,Martin,13284244,"{'Compilerbouw', 'Project Numerical Recipes'}",Compilerbouw,Project Numerical Recipes,,,
12,Baetsen,Gidon,36748818,"{'Informatie- en organisatieontwerp', 'Moderne Databases'}",Informatie- en organisatieontwerp,Moderne Databases,,,
13,Bakkum,Rhona,50184318,"{'Collectieve Intelligentie', 'Moderne Databases'}",Collectieve Intelligentie,Moderne Databases,,,
14,Bart,Wafa,64296965,"{'Analysemethoden en -technieken', 'Collectieve Intelligentie', 'Kansrekenen 2', 'Databases 2'}",Analysemethoden en -technieken,Collectieve Intelligentie,Databases 2,Kansrekenen 2,
15,Baselmans,Sharan,42778953,"{'Compilerbouw', 'Project Numerical Recipes', 'Collectieve Intelligentie', 'Lineaire Algebra'}",Collectieve Intelligentie,Compilerbouw,Lineaire Algebra,Project Numerical Recipes,
16,Bastings,Edin,82689818,"{'Architectuur en computerorganisatie', 'Collectieve Intelligentie', 'Databases 2', 'Algoritmen en complexiteit', 'Netwerken en systeembeveiliging'}",Algoritmen en complexiteit,Architectuur en computerorganisatie,Collectieve Intelligentie,Databases 2,Netwerken en systeembeveiliging
17,Baudoin,Mattijs,81385263,"{'Lineaire Algebra', 'Interactie-ontwerp', 'Compilerbouw', 'Algoritmen en complexiteit', 'Netwerken en systeembeveiliging'}",Algoritmen en complexiteit,Compilerbouw,Interactie-ontwerp,Lineaire Algebra,Netwerken en systeembeveiliging
18,Bauer,Ravi,51741554,"{'Netwerken en systeembeveiliging', 'Collectieve Intelligentie', 'Calculus 2'}",Calculus 2,Collectieve Intelligentie,Netwerken en systeembeveiliging,,
19,Becht,Wiert,63939720,{'Project Numerical Recipes'},Project Numerical Recipes,,,,
20,Bekkema,Kyllian,70844780,"{'Reflectie op de digitale cultuur', 'Advanced Heuristics', 'Netwerken en systeembeveiliging'}",Advanced Heuristics,Netwerken en systeembeveiliging,Reflectie op de digitale cultuur,,
21,Bekker,Marrie,97135019,"{'Netwerken en systeembeveiliging', 'Collectieve Intelligentie', 'Zoeken sturen en bewegen', 'Calculus 2'}",Calculus 2,Collectieve Intelligentie,Netwerken en systeembeveiliging,Zoeken sturen en bewegen,
22,Berentsen,Angle,78136904,"{'Reflectie op de digitale cultuur', 'Advanced Heuristics', 'Algoritmen en complexiteit', 'Kansrekenen 2'}",Advanced Heuristics,Algoritmen en complexiteit,Kansrekenen 2,Reflectie op de digitale cultuur,
23,Bergmans,Emil,8522855,"{'Project Genetic Algorithms', 'Algoritmen en complexiteit', 'Kansrekenen 2', 'Netwerken en systeembeveiliging'}",Algoritmen en complexiteit,Kansrekenen 2,Netwerken en systeembeveiliging,Project Genetic Algorithms,
24,Berkers,Tian,27064249,"{'Advanced Heuristics', 'Webprogrammeren en databases', 'Calculus 2'}",Advanced Heuristics,Calculus 2,Webprogrammeren en databases,,
25,Berrevoets,Annique,82872148,"{'Software engineering', 'Netwerken en systeembeveiliging'}",Netwerken en systeembeveiliging,Software engineering,,,
26,Besemer,Theadora,93023961,{'Data Mining'},Data Mining,,,,
27,Beulen,Abdallah,22871048,"{'Analysemethoden en -technieken', 'Heuristieken 1', 'Reflectie op de digitale cultuur', 'Autonomous Agents 2', 'Software engineering'}",Analysemethoden en -technieken,Autonomous Agents 2,Heuristieken 1,Reflectie op de digitale cultuur,Software engineering
28,Beunen,Eltjo,96554914,"{'Reflectie op de digitale cultuur', 'Software engineering'}",Reflectie op de digitale cultuur,Software engineering,,,
29,Bhaggoe,Saba,41585485,"{'Programmeren in Java 2', 'Algoritmen en complexiteit', 'Kansrekenen 2'}",Algoritmen en complexiteit,Kansrekenen 2,Programmeren in Java 2,,
30,Bischoff,Ella,46052388,{'Collectieve Intelligentie'},Collectieve Intelligentie,,,,
31,Blijleven,Perry,34691309,{'Project Numerical Recipes'},Project Numerical Recipes,,,,
32,Blik,Thyrza,54074680,{'Lineaire Algebra'},Lineaire Algebra,,,,
33,Blikman,Jarik,81200278,"{'Heuristieken 2', 'Interactie-ontwerp', 'Data Mining', 'Bioinformatica', 'Netwerken en systeembeveiliging'}",Bioinformatica,Data Mining,Heuristieken 2,Interactie-ontwerp,Netwerken en systeembeveiliging
34,Blikman,Monika,18266644,"{'Analysemethoden en -technieken', 'Kansrekenen 2', 'Informatie- en organisatieontwerp', 'Netwerken en systeembeveiliging'}",Analysemethoden en -technieken,Informatie- en organisatieontwerp,Kansrekenen 2,Netwerken en systeembeveiliging,
35,Bloemert,Marco,1075391,{'Collectieve Intelligentie'},Collectieve Intelligentie,,,,
36,Bloemsma,Anjana,44151631,{'Compilerbouw practicum'},Compilerbouw practicum,,,,
37,Blomsma,Guilliano,69459473,"{'Project Genetic Algorithms', 'Webprogrammeren en databases'}",Project Genetic Algorithms,Webprogrammeren en databases,,,
38,Boateng,Lenne,40791377,"{'Compilerbouw', 'Machine Learning'}",Compilerbouw,Machine Learning,,,
39,Boekema,Amadou,5368702,"{'Compilerbouw', 'Kansrekenen 2', 'Interactie-ontwerp'}",Compilerbouw,Interactie-ontwerp,Kansrekenen 2,,
40,Bol,Armin,88737765,"{'Project Genetic Algorithms', 'Analysemethoden en -technieken'}",Analysemethoden en -technieken,Project Genetic Algorithms,,,
41,Bolding,Rayn,27916487,{'Moderne Databases'},Moderne Databases,,,,
42,Bontenbal,Jeremey,20239127,"{'Reflectie op de digitale cultuur', 'Kansrekenen 2'}",Kansrekenen 2,Reflectie op de digitale cultuur,,,
43,Bood,Tariq,28943658,{'Programmeren in Java 2'},Programmeren in Java 2,,,,
44,Boogert,Hiba,70939718,"{'Netwerken en systeembeveiliging', 'Calculus 2'}",Calculus 2,Netwerken en systeembeveiliging,,,
45,Borg,Kely,73893840,{'Programmeren in Java 2'},Programmeren in Java 2,,,,
46,Borsboom,Ken,51415617,{'Reflectie op de digitale cultuur'},Reflectie op de digitale cultuur,,,,
47,Boshuis,Narin,19540225,{'Algoritmen en complexiteit'},Algoritmen en complexiteit,,,,
48,Bosman,Rudolph,93361408,{'Calculus 2'},Calculus 2,,,,
49,Boutkan,Jael,59220392,"{'Zoeken sturen en bewegen', 'Calculus 2'}",Calculus 2,Zoeken sturen en bewegen,,,
50,Braamhaar,Resi,82233873,{'Zoeken sturen en bewegen'},Zoeken sturen en bewegen,,,,
51,Brans,Hanne,36785409,"{'Reflectie op de digitale cultuur', 'Analysemethoden en -technieken', 'Technology for games'}",Analysemethoden en -technieken,Reflectie op de digitale cultuur,Technology for games,,
52,Brasser,Cyrina,77831658,"{'Analysemethoden en -technieken', 'Project Numerical Recipes', 'Bioinformatica'}",Analysemethoden en -technieken,Bioinformatica,Project Numerical Recipes,,
53,Brink,Femia,45556081,"{'Collectieve Intelligentie', 'Architectuur en computerorganisatie'}",Architectuur en computerorganisatie,Collectieve Intelligentie,,,
54,Brink,Renze,5615125,"{'Webprogrammeren en databases', 'Kansrekenen 2', 'Calculus 2'}",Calculus 2,Kansrekenen 2,Webprogrammeren en databases,,
55,Brinks,Nyncke,44940353,{'Kansrekenen 2'},Kansrekenen 2,,,,
56,Brinksma,Wulfert,49922855,{'Reflectie op de digitale cultuur'},Reflectie op de digitale cultuur,,,,
57,Broeks,Ilyass,56815156,"{'Analysemethoden en -technieken', 'Zoeken sturen en bewegen', 'Bioinformatica'}",Analysemethoden en -technieken,Bioinformatica,Zoeken sturen en bewegen,,
58,Broer,Ethan,14671406,"{'Algoritmen en complexiteit', 'Kansrekenen 2', 'Software engineering'}",Algoritmen en complexiteit,Kansrekenen 2,Software engineering,,
59,Broerse,Tarah,62872965,"{'Lineaire Algebra', 'Autonomous Agents 2'}",Autonomous Agents 2,Lineaire Algebra,,,
60,Bronsema,Devlin,23257088,"{'Programmeren in Java 2', 'Informatie- en organisatieontwerp', 'Databases 2'}",Databases 2,Informatie- en organisatieontwerp,Programmeren in Java 2,,
61,Bruijnes,Sayfeddine,91196968,"{'Data Mining', 'Programmeren in Java 2', 'Kansrekenen 2', 'Lineaire Algebra'}",Data Mining,Kansrekenen 2,Lineaire Algebra,Programmeren in Java 2,
62,Brunsveld,Virginie,5517869,"{'Lineaire Algebra', 'Collectieve Intelligentie', 'Databases 2', 'Autonomous Agents 2', 'Moderne Databases'}",Autonomous Agents 2,Collectieve Intelligentie,Databases 2,Lineaire Algebra,Moderne Databases
63,Brusse,Angus,62736669,"{'Netwerken en systeembeveiliging', 'Databases 2'}",Databases 2,Netwerken en systeembeveiliging,,,
64,Budel,Allan,87602030,"{'Heuristieken 2', 'Project Genetic Algorithms', 'Calculus 2'}",Calculus 2,Heuristieken 2,Project Genetic Algorithms,,
65,Buining,Wytske,86988337,"{'Compilerbouw', 'Programmeren in Java 2', 'Reflectie op de digitale cultuur', 'Databases 2', 'Algoritmen en complexiteit'}",Algoritmen en complexiteit,Compilerbouw,Databases 2,Programmeren in Java 2,Reflectie op de digitale cultuur
66,Buizer,Rika,77636749,"{'Technology for games', 'Kansrekenen 2', 'Informatie- en organisatieontwerp'}",Informatie- en organisatieontwerp,Kansrekenen 2,Technology for games,,
67,Buter,Vivianne,86807027,"{'Project Numerical Recipes', 'Calculus 2', 'Heuristieken 1', 'Programmeren in Java 2', 'Advanced Heuristics'}",Advanced Heuristics,Calculus 2,Heuristieken 1,Programmeren in Java 2,Project Numerical Recipes
68,Buth,Abdel,29718115,"{'Informatie- en organisatieontwerp', 'Architectuur en computerorganisatie'}",Architectuur en computerorganisatie,Informatie- en organisatieontwerp,,,
69,Buurma,Donna,54569540,"{'Reflectie op de digitale cultuur', 'Kansrekenen 2'}",Kansrekenen 2,Reflectie op de digitale cultuur,,,
70,Caris,Lucienne,12077419,"{'Compilerbouw', 'Technology for games', 'Algoritmen en complexiteit'}",Algoritmen en complexiteit,Compilerbouw,Technology for games,,
71,Ã‡etin,Samyra,22826928,"{'Reflectie op de digitale cultuur', 'Programmeren in Java 2', 'Bioinformatica'}",Bioinformatica,Programmeren in Java 2,Reflectie op de digitale cultuur,,
72,Charita,Liana,60661905,"{'Reflectie op de digitale cultuur', 'Analysemethoden en -technieken', 'Programmeren in Java 2'}",Analysemethoden en -technieken,Programmeren in Java 2,Reflectie op de digitale cultuur,,
73,Christiaens,Yde,96054456,"{'Calculus 2', 'Programmeren in Java 2', 'Kansrekenen 2', 'Databases 2', 'Bioinformatica'}",Bioinformatica,Calculus 2,Databases 2,Kansrekenen 2,Programmeren in Java 2
74,Claassen,Hailey,13718298,"{'Reflectie op de digitale cultuur', 'Analysemethoden en -technieken', 'Software engineering'}",Analysemethoden en -technieken,Reflectie op de digitale cultuur,Software engineering,,
75,Cleven,Seyit,52304977,{'Heuristieken 2'},Heuristieken 2,,,,
76,Coenen,Jorike,7957843,"{'Compilerbouw', 'Project Numerical Recipes', 'Netwerken en systeembeveiliging'}",Compilerbouw,Netwerken en systeembeveiliging,Project Numerical Recipes,,
77,Cooijmans,Laurentia,33760909,"{'Heuristieken 2', 'Collectieve Intelligentie', 'Calculus 2'}",Calculus 2,Collectieve Intelligentie,Heuristieken 2,,
78,Corten,Mitzi,15911353,{'Compilerbouw'},Compilerbouw,,,,
79,Corvers,Jildou,24891081,{'Webprogrammeren en databases'},Webprogrammeren en databases,,,,
80,Cramer,Abdelouahid,5590289,{'Netwerken en systeembeveiliging'},Netwerken en systeembeveiliging,,,,
81,Cramer,Hananja,27582862,"{'Programmeren in Java 2', 'Software engineering'}",Programmeren in Java 2,Software engineering,,,
82,Crombach,Jonas,65003379,{'Kansrekenen 2'},Kansrekenen 2,,,,
83,Curfs,Goven,27370083,{'Reflectie op de digitale cultuur'},Reflectie op de digitale cultuur,,,,
84,Curvers,Everhard,17496687,{'Informatie- en organisatieontwerp'},Informatie- en organisatieontwerp,,,,
85,Daams,Amelie,15249775,"{'Heuristieken 2', 'Programmeren in Java 2'}",Heuristieken 2,Programmeren in Java 2,,,
86,Dams,Gradus,66701209,"{'Compilerbouw', 'Project Genetic Algorithms'}",Compilerbouw,Project Genetic Algorithms,,,
87,Dane,Goos,41644639,"{'Project Genetic Algorithms', 'Compilerbouw practicum', 'Zoeken sturen en bewegen'}",Compilerbouw practicum,Project Genetic Algorithms,Zoeken sturen en bewegen,,
88,de Boon,Manuel,46701583,"{'Calculus 2', 'Programmeren in Java 2', 'Machine Learning', 'Project Genetic Algorithms', 'Algoritmen en complexiteit'}",Algoritmen en complexiteit,Calculus 2,Machine Learning,Programmeren in Java 2,Project Genetic Algorithms
89,de Hoogh,Albertien,58565406,"{'Technology for games', 'Software engineering'}",Software engineering,Technology for games,,,
90,de Jongste,Kathryn,19214659,"{'Project Numerical Recipes', 'Interactie-ontwerp'}",Interactie-ontwerp,Project Numerical Recipes,,,
91,de Kanter,Anes,96082155,{'Moderne Databases'},Moderne Databases,,,,
92,de Kreij,Krijna,33946407,{'Zoeken sturen en bewegen'},Zoeken sturen en bewegen,,,,
93,de Kuijer,Farhad,63573738,"{'Project Numerical Recipes', 'Netwerken en systeembeveiliging'}",Netwerken en systeembeveiliging,Project Numerical Recipes,,,
94,de Leest,Janniek,66433883,"{'Programmeren in Java 2', 'Algoritmen en complexiteit'}",Algoritmen en complexiteit,Programmeren in Java 2,,,
95,de Leest,Wieke,90743504,{'Lineaire Algebra'},Lineaire Algebra,,,,
96,de Looff,Yana,3727435,{'Software engineering'},Software engineering,,,,
97,de Olde,Alexandre,16011419,{'Lineaire Algebra'},Lineaire Algebra,,,,
98,de Olde,Merel,3678531,"{'Programmeren in Java 2', 'Calculus 2'}",Calculus 2,Programmeren in Java 2,,,
99,de Smit,Ziggy,82968410,{'Heuristieken 2'},Heuristieken 2,,,,
100,de Snoo,Mayla,51673172,"{'Project Genetic Algorithms', 'Compilerbouw practicum'}",Compilerbouw practicum,Project Genetic Algorithms,,,
101,de Vreeze,Marije,64393888,"{'Programmeren in Java 2', 'Collectieve Intelligentie'}",Collectieve Intelligentie,Programmeren in Java 2,,,
102,de Zoete,Linne,39919665,{'Kansrekenen 2'},Kansrekenen 2,,,,
103,Deniz,Quido,93566383,"{'Lineaire Algebra', 'Programmeren in Java 2', 'Interactie-ontwerp'}",Interactie-ontwerp,Lineaire Algebra,Programmeren in Java 2,,
104,Diallo,Brigitta,50143947,"{'Collectieve Intelligentie', 'Data Mining', 'Compilerbouw practicum', 'Algoritmen en complexiteit', 'Software engineering'}",Algoritmen en complexiteit,Collectieve Intelligentie,Compilerbouw practicum,Data Mining,Software engineering
105,Dibbets,Boy,670011,"{'Heuristieken 2', 'Programmeren in Java 2', 'Lineaire Algebra', 'Databases 2'}",Databases 2,Heuristieken 2,Lineaire Algebra,Programmeren in Java 2,
106,Dielen,Marjory,65978354,{'Calculus 2'},Calculus 2,,,,
107,Dieperink,Pietro,76487754,{'Technology for games'},Technology for games,,,,
108,Dieters,Andre,57467488,"{'Heuristieken 1', 'Algoritmen en complexiteit', 'Netwerken en systeembeveiliging', 'Databases 2'}",Algoritmen en complexiteit,Databases 2,Heuristieken 1,Netwerken en systeembeveiliging,
109,Doedens,Kelly,47932106,"{'Databases 2', 'Calculus 2'}",Calculus 2,Databases 2,,,
110,Doeve,Winfried,37419523,{'Project Numerical Recipes'},Project Numerical Recipes,,,,
111,Donselaar,Oumaima,19958553,{'Informatie- en organisatieontwerp'},Informatie- en organisatieontwerp,,,,
112,Doppenberg,Maruschka,53267490,{'Netwerken en systeembeveiliging'},Netwerken en systeembeveiliging,,,,
113,Droge,Siri,40911986,{'Project Numerical Recipes'},Project Numerical Recipes,,,,
114,Droog,Sola,3168419,"{'Advanced Heuristics', 'Bioinformatica', 'Databases 2'}",Advanced Heuristics,Bioinformatica,Databases 2,,
115,Droste,Ko,26260141,"{'Algoritmen en complexiteit', 'Software engineering', 'Calculus 2'}",Algoritmen en complexiteit,Calculus 2,Software engineering,,
116,Duiveman,Doede,68315599,"{'Informatie- en organisatieontwerp', 'Compilerbouw', 'Zoeken sturen en bewegen', 'Technology for games', 'Moderne Databases'}",Compilerbouw,Informatie- en organisatieontwerp,Moderne Databases,Technology for games,Zoeken sturen en bewegen
117,Dumoulin,Rintje,78822885,{'Analysemethoden en -technieken'},Analysemethoden en -technieken,,,,
118,Eeltink,Brecht,75599734,"{'Compilerbouw', 'Software engineering'}",Compilerbouw,Software engineering,,,
119,Eggens,Wissal,4529208,"{'Zoeken sturen en bewegen', 'Databases 2'}",Databases 2,Zoeken sturen en bewegen,,,
120,Eggermont,Catharinus,31103066,{'Software engineering'},Software engineering,,,,
121,Eisinga,Mattie,59075181,"{'Heuristieken 1', 'Kansrekenen 2', 'Netwerken en systeembeveiliging'}",Heuristieken 1,Kansrekenen 2,Netwerken en systeembeveiliging,,
122,Eissens,Ludovicus,59544049,"{'Kansrekenen 2', 'Bioinformatica', 'Software engineering'}",Bioinformatica,Kansrekenen 2,Software engineering,,
123,Elberse,Pearl,59397895,{'Databases 2'},Databases 2,,,,
124,Elissen,Raven,33930505,"{'Bioinformatica', 'Netwerken en systeembeveiliging'}",Bioinformatica,Netwerken en systeembeveiliging,,,
125,Elschot,Bauke,79033175,{'Compilerbouw'},Compilerbouw,,,,
126,Elschot,Geerten,31633723,"{'Kansrekenen 2', 'Software engineering'}",Kansrekenen 2,Software engineering,,,
127,Ensink,Dinah,7492204,"{'Programmeren in Java 2', 'Kansrekenen 2'}",Kansrekenen 2,Programmeren in Java 2,,,
128,Essink,Hande,1181560,{'Moderne Databases'},Moderne Databases,,,,
129,Essink,Jaro,54772132,"{'Compilerbouw', 'Programmeren in Java 2', 'Netwerken en systeembeveiliging'}",Compilerbouw,Netwerken en systeembeveiliging,Programmeren in Java 2,,
130,Ester,Herwin,74131924,"{'Data Mining', 'Autonomous Agents 2', 'Bioinformatica'}",Autonomous Agents 2,Bioinformatica,Data Mining,,
131,Fekkes,Jurrian,27298319,"{'Algoritmen en complexiteit', 'Autonomous Agents 2', 'Zoeken sturen en bewegen', 'Calculus 2'}",Algoritmen en complexiteit,Autonomous Agents 2,Calculus 2,Zoeken sturen en bewegen,
132,Fennis,Nurcan,66621166,{'Moderne Databases'},Moderne Databases,,,,
133,Fleming,Antonius,65852230,{'Compilerbouw'},Compilerbouw,,,,
134,Florijn,Belle,14941752,"{'Heuristieken 1', 'Project Numerical Recipes'}",Heuristieken 1,Project Numerical Recipes,,,
135,Fokkens,Diemer,85335143,"{'Analysemethoden en -technieken', 'Calculus 2', 'Technology for games', 'Bioinformatica', 'Moderne Databases'}",Analysemethoden en -technieken,Bioinformatica,Calculus 2,Moderne Databases,Technology for games
136,Freriks,Ynze,37830626,{'Software engineering'},Software engineering,,,,
137,Geboers,Nordin,45414528,"{'Data Mining', 'Programmeren in Java 2'}",Data Mining,Programmeren in Java 2,,,
138,Geelen,Bahattin,93041523,{'Technology for games'},Technology for games,,,,
139,Geers,Sohrab,87758823,"{'Lineaire Algebra', 'Collectieve Intelligentie', 'Zoeken sturen en bewegen'}",Collectieve Intelligentie,Lineaire Algebra,Zoeken sturen en bewegen,,
140,Geluk,Patric,67073567,{'Webprogrammeren en databases'},Webprogrammeren en databases,,,,
141,Gerritse,Eddy,18477924,{'Analysemethoden en -technieken'},Analysemethoden en -technieken,,,,
142,Gielissen,Deacon,11915563,"{'Compilerbouw', 'Autonomous Agents 2', 'Kansrekenen 2', 'Software engineering'}",Autonomous Agents 2,Compilerbouw,Kansrekenen 2,Software engineering,
143,Giesen,Richenel,14637758,{'Analysemethoden en -technieken'},Analysemethoden en -technieken,,,,
144,Gijbels,Abdelkader,48308205,"{'Compilerbouw', 'Project Numerical Recipes', 'Technology for games', 'Lineaire Algebra'}",Compilerbouw,Lineaire Algebra,Project Numerical Recipes,Technology for games,
145,Gilsing,Marco,49219163,{'Moderne Databases'},Moderne Databases,,,,
146,Gok,Maritte,78243495,"{'Heuristieken 2', 'Webprogrammeren en databases', 'Software engineering', 'Moderne Databases'}",Heuristieken 2,Moderne Databases,Software engineering,Webprogrammeren en databases,
147,Goor,Rivelino,19337738,{'Data Mining'},Data Mining,,,,
148,Grift,Umar,70113753,"{'Programmeren in Java 2', 'Autonomous Agents 2'}",Autonomous Agents 2,Programmeren in Java 2,,,
149,Groote,Rijkje,4546613,"{'Software engineering', 'Interactie-ontwerp', 'Calculus 2'}",Calculus 2,Interactie-ontwerp,Software engineering,,
150,Grooteman,Bert,7106649,"{'Heuristieken 2', 'Technology for games'}",Heuristieken 2,Technology for games,,,
151,Grootenboer,Yalda,72895450,"{'Compilerbouw', 'Project Numerical Recipes', 'Algoritmen en complexiteit', 'Webprogrammeren en databases'}",Algoritmen en complexiteit,Compilerbouw,Project Numerical Recipes,Webprogrammeren en databases,
152,Haalboom,Faruk,13132925,{'Databases 2'},Databases 2,,,,
153,Haanstra,Jetty,53139134,{'Calculus 2'},Calculus 2,,,,
154,Haarman,Gabe,77264363,{'Technology for games'},Technology for games,,,,
155,Haas,Eylem,58332004,"{'Informatie- en organisatieontwerp', 'Programmeren in Java 2', 'Kansrekenen 2', 'Databases 2', 'Moderne Databases'}",Databases 2,Informatie- en organisatieontwerp,Kansrekenen 2,Moderne Databases,Programmeren in Java 2
156,Hamelink,Virgill,51593625,"{'Programmeren in Java 2', 'Software engineering'}",Programmeren in Java 2,Software engineering,,,
157,Hamers,Judi,14383795,"{'Technology for games', 'Compilerbouw practicum'}",Compilerbouw practicum,Technology for games,,,
158,Hamhuis,Olle,51472074,{'Compilerbouw practicum'},Compilerbouw practicum,,,,
159,Hamstra,Sahar,71839156,"{'Lineaire Algebra', 'Compilerbouw practicum', 'Heuristieken 1'}",Compilerbouw practicum,Heuristieken 1,Lineaire Algebra,,
160,Hartevelt,Ervin,20095994,{'Reflectie op de digitale cultuur'},Reflectie op de digitale cultuur,,,,
161,Heijman,Berdina,14398123,"{'Project Genetic Algorithms', 'Kansrekenen 2', 'Netwerken en systeembeveiliging'}",Kansrekenen 2,Netwerken en systeembeveiliging,Project Genetic Algorithms,,
162,Heijnen,Guus,6939933,"{'Project Numerical Recipes', 'Calculus 2'}",Calculus 2,Project Numerical Recipes,,,
163,Heikoop,Rosali,1048485,"{'Programmeren in Java 2', 'Software engineering', 'Netwerken en systeembeveiliging'}",Netwerken en systeembeveiliging,Programmeren in Java 2,Software engineering,,
164,Heller,Mahmud,99453514,"{'Data Mining', 'Reflectie op de digitale cultuur'}",Data Mining,Reflectie op de digitale cultuur,,,
165,Hijdra,Sergio,38179241,"{'Interactie-ontwerp', 'Calculus 2'}",Calculus 2,Interactie-ontwerp,,,
166,Hilhorst,Bo,36508571,"{'Lineaire Algebra', 'Autonomous Agents 2'}",Autonomous Agents 2,Lineaire Algebra,,,
167,Hoeksema,Dana,49683101,"{'Compilerbouw', 'Machine Learning', 'Architectuur en computerorganisatie'}",Architectuur en computerorganisatie,Compilerbouw,Machine Learning,,
168,Hoenderdos,Sverre,58480929,{'Analysemethoden en -technieken'},Analysemethoden en -technieken,,,,
169,Hofman,Anne-Jet,49908313,{'Webprogrammeren en databases'},Webprogrammeren en databases,,,,
170,Holstein,Johanne,535689,"{'Compilerbouw practicum', 'Netwerken en systeembeveiliging'}",Compilerbouw practicum,Netwerken en systeembeveiliging,,,
171,Holt,Nesrin,5526560,"{'Project Genetic Algorithms', 'Databases 2'}",Databases 2,Project Genetic Algorithms,,,
172,Holtkamp,Florus,34900967,"{'Analysemethoden en -technieken', 'Programmeren in Java 2'}",Analysemethoden en -technieken,Programmeren in Java 2,,,
173,Hoogerbrugge,Christal,43460038,"{'Webprogrammeren en databases', 'Software engineering', 'Architectuur en computerorganisatie'}",Architectuur en computerorganisatie,Software engineering,Webprogrammeren en databases,,
174,Hooijmaijers,Esmee,62356458,"{'Project Numerical Recipes', 'Autonomous Agents 2', 'Software engineering'}",Autonomous Agents 2,Project Numerical Recipes,Software engineering,,
175,Hooiveld,Michal,87314964,{'Data Mining'},Data Mining,,,,
176,Hoornstra,Catherine,10149535,"{'Lineaire Algebra', 'Technology for games', 'Calculus 2', 'Architectuur en computerorganisatie'}",Architectuur en computerorganisatie,Calculus 2,Lineaire Algebra,Technology for games,
177,Horstink,Tea,2317551,"{'Compilerbouw', 'Programmeren in Java 2'}",Compilerbouw,Programmeren in Java 2,,,
178,Hospers,Wichard,31416266,"{'Lineaire Algebra', 'Programmeren in Java 2', 'Collectieve Intelligentie'}",Collectieve Intelligentie,Lineaire Algebra,Programmeren in Java 2,,
179,Huibers,Kyra,41790793,{'Webprogrammeren en databases'},Webprogrammeren en databases,,,,
180,Hunting,Paulette,5298748,"{'Reflectie op de digitale cultuur', 'Bioinformatica'}",Bioinformatica,Reflectie op de digitale cultuur,,,
181,Hup,Ytje,87210640,{'Heuristieken 1'},Heuristieken 1,,,,
182,IJkema,Frederic,77376714,"{'Algoritmen en complexiteit', 'Software engineering', 'Moderne Databases'}",Algoritmen en complexiteit,Moderne Databases,Software engineering,,
183,Imthorn,Marnik,88597745,"{'Programmeren in Java 2', 'Zoeken sturen en bewegen'}",Programmeren in Java 2,Zoeken sturen en bewegen,,,
184,Jackson,Geartsje,45660925,{'Heuristieken 1'},Heuristieken 1,,,,
185,Jacob,Rino,91139627,{'Kansrekenen 2'},Kansrekenen 2,,,,
186,Jagersma,Faya,73823548,"{'Databases 2', 'Project Numerical Recipes', 'Calculus 2'}",Calculus 2,Databases 2,Project Numerical Recipes,,
187,Jak,Paulo,54540997,{'Databases 2'},Databases 2,,,,
188,Jama,Owen,28359697,"{'Zoeken sturen en bewegen', 'Bioinformatica'}",Bioinformatica,Zoeken sturen en bewegen,,,
189,Janga,Le,84524083,"{'Compilerbouw', 'Reflectie op de digitale cultuur', 'Heuristieken 2', 'Kansrekenen 2'}",Compilerbouw,Heuristieken 2,Kansrekenen 2,Reflectie op de digitale cultuur,
190,Jankie,Kyan,66122625,"{'Data Mining', 'Heuristieken 1'}",Data Mining,Heuristieken 1,,,
191,Jansema,Nikolas,21192048,{'Technology for games'},Technology for games,,,,
192,Jongbloed,Tamar,94467156,"{'Programmeren in Java 2', 'Machine Learning', 'Kansrekenen 2', 'Project Genetic Algorithms', 'Software engineering'}",Kansrekenen 2,Machine Learning,Programmeren in Java 2,Project Genetic Algorithms,Software engineering
193,Jongejan,Jenske,15902055,"{'Collectieve Intelligentie', 'Algoritmen en complexiteit', 'Programmeren in Java 2', 'Calculus 2'}",Algoritmen en complexiteit,Calculus 2,Collectieve Intelligentie,Programmeren in Java 2,
194,Jonkergouw,Aradhna,92496780,{'Technology for games'},Technology for games,,,,
195,Joris,Gerritjan,75585647,"{'Informatie- en organisatieontwerp', 'Calculus 2'}",Calculus 2,Informatie- en organisatieontwerp,,,
196,Joseph,Marssae,80709893,"{'Lineaire Algebra', 'Software engineering'}",Lineaire Algebra,Software engineering,,,
197,Kalpoe,Miko,10702778,{'Programmeren in Java 2'},Programmeren in Java 2,,,,
198,Kalshoven,Chrystel,38499176,"{'Lineaire Algebra', 'Programmeren in Java 2', 'Kansrekenen 2', 'Compilerbouw practicum', 'Netwerken en systeembeveiliging'}",Compilerbouw practicum,Kansrekenen 2,Lineaire Algebra,Netwerken en systeembeveiliging,Programmeren in Java 2
199,Kamp,Yaro,6249823,"{'Technology for games', 'Webprogrammeren en databases'}",Technology for games,Webprogrammeren en databases,,,
200,Kampers,Riana,92778619,"{'Reflectie op de digitale cultuur', 'Programmeren in Java 2', 'Zoeken sturen en bewegen'}",Programmeren in Java 2,Reflectie op de digitale cultuur,Zoeken sturen en bewegen,,
201,Kant,Juliette,75005528,"{'Lineaire Algebra', 'Project Numerical Recipes', 'Databases 2'}",Databases 2,Lineaire Algebra,Project Numerical Recipes,,
202,Karim,Esme,3685034,"{'Machine Learning', 'Reflectie op de digitale cultuur', 'Project Numerical Recipes', 'Kansrekenen 2'}",Kansrekenen 2,Machine Learning,Project Numerical Recipes,Reflectie op de digitale cultuur,
203,Keijser,Devon,69634191,{'Interactie-ontwerp'},Interactie-ontwerp,,,,
204,Kemps,Enya,58083680,{'Databases 2'},Databases 2,,,,
205,Kentie,Ceciel,33776961,"{'Reflectie op de digitale cultuur', 'Programmeren in Java 2', 'Moderne Databases'}",Moderne Databases,Programmeren in Java 2,Reflectie op de digitale cultuur,,
206,Kersten,Thys,11459236,"{'Compilerbouw practicum', 'Informatie- en organisatieontwerp'}",Compilerbouw practicum,Informatie- en organisatieontwerp,,,
207,Kesteloo,Kimmy,34773179,"{'Project Genetic Algorithms', 'Collectieve Intelligentie'}",Collectieve Intelligentie,Project Genetic Algorithms,,,
208,Keuken,Lysbeth,1766560,"{'Compilerbouw', 'Project Numerical Recipes', 'Moderne Databases'}",Compilerbouw,Moderne Databases,Project Numerical Recipes,,
209,Kienhuis,Rahim,99272880,"{'Compilerbouw practicum', 'Programmeren in Java 2', 'Kansrekenen 2'}",Compilerbouw practicum,Kansrekenen 2,Programmeren in Java 2,,
210,Kivits,Sezen,59887191,"{'Zoeken sturen en bewegen', 'Netwerken en systeembeveiliging'}",Netwerken en systeembeveiliging,Zoeken sturen en bewegen,,,
211,Klarenbeek,Ylse,62701040,"{'Programmeren in Java 2', 'Collectieve Intelligentie', 'Informatie- en organisatieontwerp'}",Collectieve Intelligentie,Informatie- en organisatieontwerp,Programmeren in Java 2,,
212,Klop,Adil,58040377,"{'Heuristieken 2', 'Programmeren in Java 2', 'Calculus 2'}",Calculus 2,Heuristieken 2,Programmeren in Java 2,,
213,Knibbe,Danique,16097870,"{'Heuristieken 2', 'Analysemethoden en -technieken', 'Lineaire Algebra', 'Calculus 2', 'Autonomous Agents 2'}",Analysemethoden en -technieken,Autonomous Agents 2,Calculus 2,Heuristieken 2,Lineaire Algebra
214,Knuiman,George,43689934,{'Compilerbouw'},Compilerbouw,,,,
215,Koelemij,Evelyn,10792879,"{'Compilerbouw', 'Kansrekenen 2', 'Calculus 2'}",Calculus 2,Compilerbouw,Kansrekenen 2,,
216,Kol,Djura,43680781,"{'Reflectie op de digitale cultuur', 'Technology for games', 'Bioinformatica', 'Moderne Databases'}",Bioinformatica,Moderne Databases,Reflectie op de digitale cultuur,Technology for games,
217,Koning,Matz,48601268,"{'Collectieve Intelligentie', 'Software engineering'}",Collectieve Intelligentie,Software engineering,,,
218,Kooijmans,Nuriye,75997788,"{'Analysemethoden en -technieken', 'Calculus 2', 'Heuristieken 1', 'Advanced Heuristics', 'Moderne Databases'}",Advanced Heuristics,Analysemethoden en -technieken,Calculus 2,Heuristieken 1,Moderne Databases
219,Kooyman,Thijn,88855695,"{'Compilerbouw', 'Calculus 2'}",Calculus 2,Compilerbouw,,,
220,Koppers,Yee,81155296,"{'Interactie-ontwerp', 'Calculus 2'}",Calculus 2,Interactie-ontwerp,,,
221,Kops,Eveline,47260040,{'Compilerbouw practicum'},Compilerbouw practicum,,,,
222,Korbee,Titia,86291592,"{'Project Numerical Recipes', 'Compilerbouw', 'Programmeren in Java 2', 'Collectieve Intelligentie', 'Netwerken en systeembeveiliging'}",Collectieve Intelligentie,Compilerbouw,Netwerken en systeembeveiliging,Programmeren in Java 2,Project Numerical Recipes
223,Korpershoek,Djuri,27241113,{'Moderne Databases'},Moderne Databases,,,,
224,Korte,Gineke,13798030,{'Architectuur en computerorganisatie'},Architectuur en computerorganisatie,,,,
225,Kortlever,Sharen,51542218,"{'Analysemethoden en -technieken', 'Kansrekenen 2', 'Databases 2'}",Analysemethoden en -technieken,Databases 2,Kansrekenen 2,,
226,Kost,Remon,87900893,"{'Data Mining', 'Calculus 2'}",Calculus 2,Data Mining,,,
227,Koudijs,Cherissa,96118484,{'Lineaire Algebra'},Lineaire Algebra,,,,
228,Krabbe,Fynn,21677389,"{'Interactie-ontwerp', 'Netwerken en systeembeveiliging'}",Interactie-ontwerp,Netwerken en systeembeveiliging,,,
229,Kreijkes,Nikie,34588570,{'Lineaire Algebra'},Lineaire Algebra,,,,
230,Krikke,Do?ukan,1695839,{'Compilerbouw practicum'},Compilerbouw practicum,,,,
231,Kroonen,Corry,247918,"{'Bioinformatica', 'Databases 2'}",Bioinformatica,Databases 2,,,
232,Kropman,Ngoc,38329455,{'Kansrekenen 2'},Kansrekenen 2,,,,
233,Kros,Vincent,22699561,{'Collectieve Intelligentie'},Collectieve Intelligentie,,,,
234,Kuijpers,Resul,54026378,"{'Autonomous Agents 2', 'Bioinformatica', 'Software engineering'}",Autonomous Agents 2,Bioinformatica,Software engineering,,
235,Kwantes,Machteld,97417002,{'Heuristieken 1'},Heuristieken 1,,,,
236,Kwee,Esperanza,79366078,{'Kansrekenen 2'},Kansrekenen 2,,,,
237,Lagendijk,Nadeem,78735049,"{'Kansrekenen 2', 'Calculus 2'}",Calculus 2,Kansrekenen 2,,,
238,Laman,Christianus,14303208,"{'Compilerbouw practicum', 'Webprogrammeren en databases', 'Calculus 2'}",Calculus 2,Compilerbouw practicum,Webprogrammeren en databases,,
239,Lamme,Mathyn,31897288,"{'Heuristieken 2', 'Heuristieken 1'}",Heuristieken 1,Heuristieken 2,,,
240,Lantinga,Buck,23547619,"{'Interactie-ontwerp', 'Collectieve Intelligentie', 'Zoeken sturen en bewegen', 'Technology for games', 'Advanced Heuristics'}",Advanced Heuristics,Collectieve Intelligentie,Interactie-ontwerp,Technology for games,Zoeken sturen en bewegen
241,Lathouwers,Hanan,11068043,"{'Compilerbouw practicum', 'Project Numerical Recipes', 'Bioinformatica', 'Software engineering'}",Bioinformatica,Compilerbouw practicum,Project Numerical Recipes,Software engineering,
242,Lathouwers,Mouna,29526540,"{'Moderne Databases', 'Bioinformatica', 'Databases 2'}",Bioinformatica,Databases 2,Moderne Databases,,
243,Lau,Yvan,79937969,{'Lineaire Algebra'},Lineaire Algebra,,,,
244,Laurijssen,Seyed,62613937,"{'Advanced Heuristics', 'Analysemethoden en -technieken'}",Advanced Heuristics,Analysemethoden en -technieken,,,
245,Leemburg,Mellisa,47477884,"{'Databases 2', 'Advanced Heuristics', 'Programmeren in Java 2', 'Calculus 2'}",Advanced Heuristics,Calculus 2,Databases 2,Programmeren in Java 2,
246,Leidelmeijer,Rein,36527838,"{'Lineaire Algebra', 'Zoeken sturen en bewegen', 'Moderne Databases'}",Lineaire Algebra,Moderne Databases,Zoeken sturen en bewegen,,
247,Leijen,Bjorn,3233378,"{'Collectieve Intelligentie', 'Software engineering'}",Collectieve Intelligentie,Software engineering,,,
248,Leijenaar,Jory,25994016,"{'Project Genetic Algorithms', 'Compilerbouw practicum'}",Compilerbouw practicum,Project Genetic Algorithms,,,
249,Lemaire,Haroun,44868097,"{'Software engineering', 'Bioinformatica', 'Calculus 2'}",Bioinformatica,Calculus 2,Software engineering,,
250,Lems,Nadia,77960666,"{'Reflectie op de digitale cultuur', 'Programmeren in Java 2', 'Databases 2'}",Databases 2,Programmeren in Java 2,Reflectie op de digitale cultuur,,
251,Lentz,Sanne,40434933,"{'Databases 2', 'Technology for games', 'Webprogrammeren en databases', 'Architectuur en computerorganisatie'}",Architectuur en computerorganisatie,Databases 2,Technology for games,Webprogrammeren en databases,
252,Levels,Federico,13911001,"{'Compilerbouw', 'Compilerbouw practicum', 'Moderne Databases'}",Compilerbouw,Compilerbouw practicum,Moderne Databases,,
253,Liebregts,Chi,88596522,"{'Compilerbouw practicum', 'Algoritmen en complexiteit'}",Algoritmen en complexiteit,Compilerbouw practicum,,,
254,Lima,Maurice,74361881,"{'Project Genetic Algorithms', 'Compilerbouw practicum'}",Compilerbouw practicum,Project Genetic Algorithms,,,
255,Lindhout,Hetty,1696500,"{'Heuristieken 1', 'Collectieve Intelligentie', 'Netwerken en systeembeveiliging'}",Collectieve Intelligentie,Heuristieken 1,Netwerken en systeembeveiliging,,
256,Loeffen,Dingenus,16912993,{'Netwerken en systeembeveiliging'},Netwerken en systeembeveiliging,,,,
257,Lohuis,Wannes,76802764,{'Compilerbouw'},Compilerbouw,,,,
258,Looij,Malcolm,56872729,"{'Databases 2', 'Lineaire Algebra', 'Calculus 2'}",Calculus 2,Databases 2,Lineaire Algebra,,
259,Lopez,Fredrika,21095566,"{'Algoritmen en complexiteit', 'Software engineering'}",Algoritmen en complexiteit,Software engineering,,,
260,Lugthart,Sherwin,77306636,{'Calculus 2'},Calculus 2,,,,
261,Luten,Yi,63634350,"{'Heuristieken 2', 'Calculus 2', 'Programmeren in Java 2', 'Kansrekenen 2', 'Compilerbouw practicum'}",Calculus 2,Compilerbouw practicum,Heuristieken 2,Kansrekenen 2,Programmeren in Java 2
262,Luth,Mathe,97838175,"{'Analysemethoden en -technieken', 'Zoeken sturen en bewegen'}",Analysemethoden en -technieken,Zoeken sturen en bewegen,,,
263,Machielsen,Pim,51186803,{'Kansrekenen 2'},Kansrekenen 2,,,,
264,Majoor,Valery,58522654,"{'Compilerbouw', 'Collectieve Intelligentie', 'Kansrekenen 2', 'Bioinformatica'}",Bioinformatica,Collectieve Intelligentie,Compilerbouw,Kansrekenen 2,
265,Malestein,Dorenda,42115591,"{'Lineaire Algebra', 'Analysemethoden en -technieken', 'Kansrekenen 2', 'Software engineering'}",Analysemethoden en -technieken,Kansrekenen 2,Lineaire Algebra,Software engineering,
266,Melis,Noelle,55480737,{'Project Genetic Algorithms'},Project Genetic Algorithms,,,,
267,Menke,Noud,44391517,"{'Compilerbouw', 'Programmeren in Java 2', 'Zoeken sturen en bewegen'}",Compilerbouw,Programmeren in Java 2,Zoeken sturen en bewegen,,
268,Metselaar,Bodie,24613625,"{'Compilerbouw', 'Project Genetic Algorithms', 'Bioinformatica'}",Bioinformatica,Compilerbouw,Project Genetic Algorithms,,
269,Metzelaar,Miquel,86000192,"{'Programmeren in Java 2', 'Collectieve Intelligentie', 'Calculus 2'}",Calculus 2,Collectieve Intelligentie,Programmeren in Java 2,,
270,Meulmeester,Roan,68409833,"{'Lineaire Algebra', 'Project Genetic Algorithms', 'Autonomous Agents 2', 'Software engineering'}",Autonomous Agents 2,Lineaire Algebra,Project Genetic Algorithms,Software engineering,
271,Middel,Myron,72683344,"{'Advanced Heuristics', 'Architectuur en computerorganisatie'}",Advanced Heuristics,Architectuur en computerorganisatie,,,
272,Miedema,Maron,99283252,"{'Project Genetic Algorithms', 'Software engineering', 'Moderne Databases'}",Moderne Databases,Project Genetic Algorithms,Software engineering,,
273,Mijnheer,Marcellus,4783858,"{'Heuristieken 1', 'Collectieve Intelligentie', 'Software engineering', 'Calculus 2'}",Calculus 2,Collectieve Intelligentie,Heuristieken 1,Software engineering,
274,Milder,Eyup,75623387,{'Calculus 2'},Calculus 2,,,,
275,Milder,Oliver,27925117,"{'Heuristieken 2', 'Calculus 2', 'Project Genetic Algorithms', 'Architectuur en computerorganisatie'}",Architectuur en computerorganisatie,Calculus 2,Heuristieken 2,Project Genetic Algorithms,
276,Modderkolk,Jo-Anne,56749879,"{'Heuristieken 1', 'Programmeren in Java 2', 'Kansrekenen 2', 'Databases 2', 'Bioinformatica'}",Bioinformatica,Databases 2,Heuristieken 1,Kansrekenen 2,Programmeren in Java 2
277,Modderkolk,Jorren,72577292,"{'Advanced Heuristics', 'Collectieve Intelligentie', 'Webprogrammeren en databases', 'Architectuur en computerorganisatie'}",Advanced Heuristics,Architectuur en computerorganisatie,Collectieve Intelligentie,Webprogrammeren en databases,
278,Moes,Lisse,53585410,"{'Compilerbouw practicum', 'Programmeren in Java 2', 'Algoritmen en complexiteit', 'Calculus 2'}",Algoritmen en complexiteit,Calculus 2,Compilerbouw practicum,Programmeren in Java 2,
279,Moeskops,Antonetta,26857113,"{'Machine Learning', 'Programmeren in Java 2'}",Machine Learning,Programmeren in Java 2,,,
280,Mok,Lamia,84110134,"{'Project Numerical Recipes', 'Kansrekenen 2', 'Software engineering'}",Kansrekenen 2,Project Numerical Recipes,Software engineering,,
281,Mol,Sonny,44671041,"{'Programmeren in Java 2', 'Software engineering'}",Programmeren in Java 2,Software engineering,,,
282,Mullenders,Shannon,54310617,"{'Collectieve Intelligentie', 'Kansrekenen 2'}",Collectieve Intelligentie,Kansrekenen 2,,,
283,Munsters,Doetje,10872825,{'Kansrekenen 2'},Kansrekenen 2,,,,
284,Mutsaers,Callista,64418623,{'Compilerbouw practicum'},Compilerbouw practicum,,,,
285,Nagel,Claudine,63096281,{'Programmeren in Java 2'},Programmeren in Java 2,,,,
286,Neve,Fauve,70336464,{'Technology for games'},Technology for games,,,,
287,Nieman,Randell,4697362,{'Technology for games'},Technology for games,,,,
288,Nieuwenhuizen,Jurrit,1137946,{'Webprogrammeren en databases'},Webprogrammeren en databases,,,,
289,Niezen,Inas,67817269,{'Algoritmen en complexiteit'},Algoritmen en complexiteit,,,,
290,Nijs,Vesna,51650744,{'Moderne Databases'},Moderne Databases,,,,
291,Noordhuis,Harry,72586808,"{'Analysemethoden en -technieken', 'Netwerken en systeembeveiliging'}",Analysemethoden en -technieken,Netwerken en systeembeveiliging,,,
292,Noordzij,Juliet,46570285,"{'Kansrekenen 2', 'Moderne Databases', 'Calculus 2'}",Calculus 2,Kansrekenen 2,Moderne Databases,,
293,Noot,Henricus,88519892,{'Programmeren in Java 2'},Programmeren in Java 2,,,,
294,Notermans,Inger,13092455,"{'Reflectie op de digitale cultuur', 'Project Numerical Recipes', 'Collectieve Intelligentie', 'Databases 2'}",Collectieve Intelligentie,Databases 2,Project Numerical Recipes,Reflectie op de digitale cultuur,
295,Nuiten,Geurt,61060652,"{'Lineaire Algebra', 'Heuristieken 1', 'Software engineering'}",Heuristieken 1,Lineaire Algebra,Software engineering,,
296,Numan,Lee,40141996,"{'Databases 2', 'Calculus 2'}",Calculus 2,Databases 2,,,
297,Odijk,Rieke,30658799,"{'Compilerbouw', 'Moderne Databases'}",Compilerbouw,Moderne Databases,,,
298,Okkerse,Seb,90067329,{'Machine Learning'},Machine Learning,,,,
299,Ooijen,Steijn,86180471,"{'Databases 2', 'Project Genetic Algorithms', 'Calculus 2'}",Calculus 2,Databases 2,Project Genetic Algorithms,,
300,Oosterbeek,Rins,13116738,"{'Data Mining', 'Zoeken sturen en bewegen', 'Informatie- en organisatieontwerp'}",Data Mining,Informatie- en organisatieontwerp,Zoeken sturen en bewegen,,
301,Oosterbroek,Lilly,13210212,{'Zoeken sturen en bewegen'},Zoeken sturen en bewegen,,,,
302,Oostvogels,Romaisa,22731474,"{'Heuristieken 2', 'Project Numerical Recipes', 'Kansrekenen 2', 'Bioinformatica'}",Bioinformatica,Heuristieken 2,Kansrekenen 2,Project Numerical Recipes,
303,Overbeeke,Casimir,17575088,{'Collectieve Intelligentie'},Collectieve Intelligentie,,,,
304,Paauwe,Shakir,30195935,"{'Bioinformatica', 'Netwerken en systeembeveiliging'}",Bioinformatica,Netwerken en systeembeveiliging,,,
305,Paijmans,Redouane,75664412,"{'Compilerbouw', 'Technology for games', 'Netwerken en systeembeveiliging'}",Compilerbouw,Netwerken en systeembeveiliging,Technology for games,,
306,Panman,Loulou,79888156,{'Calculus 2'},Calculus 2,,,,
307,Pastoor,Farah,3407554,"{'Compilerbouw', 'Compilerbouw practicum'}",Compilerbouw,Compilerbouw practicum,,,
308,Pater,Vincentius,34765676,"{'Heuristieken 2', 'Algoritmen en complexiteit', 'Interactie-ontwerp'}",Algoritmen en complexiteit,Heuristieken 2,Interactie-ontwerp,,
309,Paulissen,Solane,1665980,"{'Compilerbouw practicum', 'Collectieve Intelligentie', 'Algoritmen en complexiteit'}",Algoritmen en complexiteit,Collectieve Intelligentie,Compilerbouw practicum,,
310,Peijs,Xander,96104167,{'Collectieve Intelligentie'},Collectieve Intelligentie,,,,
311,Pelders,Heba,75680261,{'Project Genetic Algorithms'},Project Genetic Algorithms,,,,
312,Pereira,Luca,23798155,"{'Machine Learning', 'Analysemethoden en -technieken', 'Kansrekenen 2', 'Architectuur en computerorganisatie'}",Analysemethoden en -technieken,Architectuur en computerorganisatie,Kansrekenen 2,Machine Learning,
313,Philippi,Ilana,58866007,"{'Lineaire Algebra', 'Architectuur en computerorganisatie'}",Architectuur en computerorganisatie,Lineaire Algebra,,,
314,Philips,Kaoutar,20883994,"{'Advanced Heuristics', 'Kansrekenen 2', 'Bioinformatica'}",Advanced Heuristics,Bioinformatica,Kansrekenen 2,,
315,Piek,Romy,5976174,"{'Heuristieken 2', 'Algoritmen en complexiteit', 'Software engineering', 'Machine Learning'}",Algoritmen en complexiteit,Heuristieken 2,Machine Learning,Software engineering,
316,Plaizier,Wijntje,85284256,"{'Programmeren in Java 2', 'Netwerken en systeembeveiliging'}",Netwerken en systeembeveiliging,Programmeren in Java 2,,,
317,Planken,Giedo,47605891,{'Kansrekenen 2'},Kansrekenen 2,,,,
318,Plasman,Nathanael,2416751,"{'Programmeren in Java 2', 'Webprogrammeren en databases'}",Programmeren in Java 2,Webprogrammeren en databases,,,
319,Pleiter,Matthijs,77240949,"{'Machine Learning', 'Collectieve Intelligentie', 'Kansrekenen 2'}",Collectieve Intelligentie,Kansrekenen 2,Machine Learning,,
320,Poepjes,Zahir,31247305,"{'Kansrekenen 2', 'Software engineering', 'Netwerken en systeembeveiliging'}",Kansrekenen 2,Netwerken en systeembeveiliging,Software engineering,,
321,Poldervaart,Gustaaf,58253841,"{'Project Genetic Algorithms', 'Zoeken sturen en bewegen', 'Calculus 2'}",Calculus 2,Project Genetic Algorithms,Zoeken sturen en bewegen,,
322,Polfliet,Rafaela,72665524,"{'Advanced Heuristics', 'Compilerbouw practicum', 'Netwerken en systeembeveiliging', 'Calculus 2'}",Advanced Heuristics,Calculus 2,Compilerbouw practicum,Netwerken en systeembeveiliging,
323,Popma,Stephano,34872117,"{'Compilerbouw', 'Databases 2', 'Architectuur en computerorganisatie'}",Architectuur en computerorganisatie,Compilerbouw,Databases 2,,
324,Postuma,Timo,36903574,"{'Heuristieken 1', 'Programmeren in Java 2', 'Kansrekenen 2', 'Algoritmen en complexiteit', 'Netwerken en systeembeveiliging'}",Algoritmen en complexiteit,Heuristieken 1,Kansrekenen 2,Netwerken en systeembeveiliging,Programmeren in Java 2
325,Potgieter,Desiree,64947290,"{'Programmeren in Java 2', 'Algoritmen en complexiteit', 'Databases 2'}",Algoritmen en complexiteit,Databases 2,Programmeren in Java 2,,
326,Pothuizen,Aart,27950803,"{'Compilerbouw', 'Reflectie op de digitale cultuur', 'Project Genetic Algorithms', 'Software engineering'}",Compilerbouw,Project Genetic Algorithms,Reflectie op de digitale cultuur,Software engineering,
327,Pothuizen,Mink,85236626,"{'Heuristieken 2', 'Programmeren in Java 2', 'Machine Learning'}",Heuristieken 2,Machine Learning,Programmeren in Java 2,,
328,Potman,Genesis,123355,{'Netwerken en systeembeveiliging'},Netwerken en systeembeveiliging,,,,
329,Prevoo,Hendrik-Jan,27805666,{'Reflectie op de digitale cultuur'},Reflectie op de digitale cultuur,,,,
330,Prinssen,Annigje,3883025,"{'Netwerken en systeembeveiliging', 'Moderne Databases'}",Moderne Databases,Netwerken en systeembeveiliging,,,
331,Pruijmboom,Javier,82412626,{'Calculus 2'},Calculus 2,,,,
332,Putters,Andre,37110913,"{'Heuristieken 1', 'Data Mining', 'Reflectie op de digitale cultuur', 'Technology for games', 'Autonomous Agents 2'}",Autonomous Agents 2,Data Mining,Heuristieken 1,Reflectie op de digitale cultuur,Technology for games
333,Putters,Luciana,61611295,{'Autonomous Agents 2'},Autonomous Agents 2,,,,
334,Quik,Semiha,32044893,"{'Reflectie op de digitale cultuur', 'Project Numerical Recipes'}",Project Numerical Recipes,Reflectie op de digitale cultuur,,,
335,Raaijmakers,Haiko,38296757,"{'Machine Learning', 'Reflectie op de digitale cultuur', 'Calculus 2'}",Calculus 2,Machine Learning,Reflectie op de digitale cultuur,,
336,Ramcharan,Erdal,25077484,"{'Project Genetic Algorithms', 'Databases 2'}",Databases 2,Project Genetic Algorithms,,,
337,Reek,Adisa,20618153,"{'Programmeren in Java 2', 'Webprogrammeren en databases'}",Programmeren in Java 2,Webprogrammeren en databases,,,
338,Regeling,Jarik,4353500,"{'Heuristieken 1', 'Netwerken en systeembeveiliging'}",Heuristieken 1,Netwerken en systeembeveiliging,,,
339,Reintjes,Romello,29474737,{'Collectieve Intelligentie'},Collectieve Intelligentie,,,,
340,Remijn,Nadir,25557516,{'Netwerken en systeembeveiliging'},Netwerken en systeembeveiliging,,,,
341,Renes,Taeke,23215240,"{'Compilerbouw practicum', 'Programmeren in Java 2'}",Compilerbouw practicum,Programmeren in Java 2,,,
342,Reuvekamp,Cheyenna,3474870,"{'Lineaire Algebra', 'Algoritmen en complexiteit', 'Webprogrammeren en databases'}",Algoritmen en complexiteit,Lineaire Algebra,Webprogrammeren en databases,,
343,Richardson,Leonie,58699305,"{'Moderne Databases', 'Calculus 2'}",Calculus 2,Moderne Databases,,,
344,Ridderhof,Abdeslam,37279234,"{'Programmeren in Java 2', 'Calculus 2'}",Calculus 2,Programmeren in Java 2,,,
345,Rienks,Kimm,62105897,"{'Programmeren in Java 2', 'Software engineering', 'Calculus 2'}",Calculus 2,Programmeren in Java 2,Software engineering,,
346,Rijkens,Lorraine,27123462,{'Databases 2'},Databases 2,,,,
347,Rinkel,Karam,41527759,"{'Algoritmen en complexiteit', 'Kansrekenen 2', 'Software engineering'}",Algoritmen en complexiteit,Kansrekenen 2,Software engineering,,
348,Rodenburg,Fatime,7308727,"{'Project Numerical Recipes', 'Collectieve Intelligentie', 'Bioinformatica', 'Netwerken en systeembeveiliging'}",Bioinformatica,Collectieve Intelligentie,Netwerken en systeembeveiliging,Project Numerical Recipes,
349,Roest,Yarah,18144425,{'Moderne Databases'},Moderne Databases,,,,
350,Roeterdink,Tori,22168693,{'Calculus 2'},Calculus 2,,,,
351,Rokx,Shan,60352393,"{'Zoeken sturen en bewegen', 'Reflectie op de digitale cultuur', 'Advanced Heuristics', 'Databases 2', 'Netwerken en systeembeveiliging'}",Advanced Heuristics,Databases 2,Netwerken en systeembeveiliging,Reflectie op de digitale cultuur,Zoeken sturen en bewegen
352,Rombout,Krijntje,65408517,"{'Software engineering', 'Calculus 2'}",Calculus 2,Software engineering,,,
353,Roodbeen,Karolina,76123484,"{'Collectieve Intelligentie', 'Webprogrammeren en databases', 'Zoeken sturen en bewegen', 'Databases 2'}",Collectieve Intelligentie,Databases 2,Webprogrammeren en databases,Zoeken sturen en bewegen,
354,Rooijmans,Ziya,43902015,"{'Algoritmen en complexiteit', 'Webprogrammeren en databases', 'Databases 2'}",Algoritmen en complexiteit,Databases 2,Webprogrammeren en databases,,
355,Roozendaal,Jennie,72547110,{'Kansrekenen 2'},Kansrekenen 2,,,,
356,Rosenbrand,Jake,72526473,{'Calculus 2'},Calculus 2,,,,
357,Rotgans,Roma,88176729,"{'Bioinformatica', 'Software engineering'}",Bioinformatica,Software engineering,,,
358,Rothuizen,Tevfik,40343779,"{'Algoritmen en complexiteit', 'Software engineering', 'Netwerken en systeembeveiliging'}",Algoritmen en complexiteit,Netwerken en systeembeveiliging,Software engineering,,
359,Rottier,Sivar,17222374,"{'Collectieve Intelligentie', 'Moderne Databases', 'Databases 2'}",Collectieve Intelligentie,Databases 2,Moderne Databases,,
360,Rovers,Eleanora,92665222,"{'Compilerbouw', 'Advanced Heuristics'}",Advanced Heuristics,Compilerbouw,,,
361,Rust,Jannette,19662602,{'Project Numerical Recipes'},Project Numerical Recipes,,,,
362,Rutte,Tea,76393508,{'Heuristieken 1'},Heuristieken 1,,,,
363,Sarikaya,Angelica,52552718,"{'Autonomous Agents 2', 'Software engineering', 'Databases 2'}",Autonomous Agents 2,Databases 2,Software engineering,,
364,Scheffers,Imran,48357272,"{'Analysemethoden en -technieken', 'Heuristieken 1', 'Software engineering', 'Calculus 2'}",Analysemethoden en -technieken,Calculus 2,Heuristieken 1,Software engineering,
365,Schellevis,Albertine,80188025,"{'Analysemethoden en -technieken', 'Calculus 2'}",Analysemethoden en -technieken,Calculus 2,,,
366,Scheltema,Minoesch,73302736,"{'Analysemethoden en -technieken', 'Software engineering', 'Calculus 2'}",Analysemethoden en -technieken,Calculus 2,Software engineering,,
367,Scherpenzeel,Jackson,94955328,"{'Lineaire Algebra', 'Analysemethoden en -technieken', 'Programmeren in Java 2', 'Kansrekenen 2'}",Analysemethoden en -technieken,Kansrekenen 2,Lineaire Algebra,Programmeren in Java 2,
368,Schijvenaars,Xiao,33252501,{'Machine Learning'},Machine Learning,,,,
369,Schoneveld,Elbertha,12091019,"{'Databases 2', 'Calculus 2'}",Calculus 2,Databases 2,,,
370,Schoonderwoerd,Jaiden,72652638,{'Heuristieken 2'},Heuristieken 2,,,,
371,Schoutens,Nassira,90296821,{'Programmeren in Java 2'},Programmeren in Java 2,,,,
372,Schrader,Arif,14179347,"{'Project Genetic Algorithms', 'Calculus 2'}",Calculus 2,Project Genetic Algorithms,,,
373,Schrama,Emrah,44901052,"{'Informatie- en organisatieontwerp', 'Heuristieken 1', 'Technology for games', 'Autonomous Agents 2', 'Netwerken en systeembeveiliging'}",Autonomous Agents 2,Heuristieken 1,Informatie- en organisatieontwerp,Netwerken en systeembeveiliging,Technology for games
374,Schrauwen,Silvy,4709948,"{'Reflectie op de digitale cultuur', 'Netwerken en systeembeveiliging', 'Programmeren in Java 2', 'Moderne Databases'}",Moderne Databases,Netwerken en systeembeveiliging,Programmeren in Java 2,Reflectie op de digitale cultuur,
375,Schuiling,Thom,64246605,{'Netwerken en systeembeveiliging'},Netwerken en systeembeveiliging,,,,
376,Selten,Levien,58469172,"{'Programmeren in Java 2', 'Kansrekenen 2', 'Calculus 2'}",Calculus 2,Kansrekenen 2,Programmeren in Java 2,,
377,Selten,Marianka,34173695,{'Calculus 2'},Calculus 2,,,,
378,Sieben,Michel,83443653,"{'Analysemethoden en -technieken', 'Heuristieken 1'}",Analysemethoden en -technieken,Heuristieken 1,,,
379,Siemonsma,Enes,35330349,"{'Lineaire Algebra', 'Collectieve Intelligentie'}",Collectieve Intelligentie,Lineaire Algebra,,,
380,Sier,Patricia,73236988,"{'Compilerbouw', 'Project Numerical Recipes', 'Bioinformatica', 'Software engineering'}",Bioinformatica,Compilerbouw,Project Numerical Recipes,Software engineering,
381,Siero,Christiana,68601184,"{'Programmeren in Java 2', 'Collectieve Intelligentie'}",Collectieve Intelligentie,Programmeren in Java 2,,,
382,Sijmons,Servet,40633534,"{'Project Genetic Algorithms', 'Advanced Heuristics'}",Advanced Heuristics,Project Genetic Algorithms,,,
383,Sikking,Saif,14072826,{'Software engineering'},Software engineering,,,,
384,Sips,Jimi,64228258,"{'Collectieve Intelligentie', 'Webprogrammeren en databases', 'Calculus 2'}",Calculus 2,Collectieve Intelligentie,Webprogrammeren en databases,,
385,Slangen,Noa,92977271,"{'Heuristieken 1', 'Programmeren in Java 2', 'Informatie- en organisatieontwerp'}",Heuristieken 1,Informatie- en organisatieontwerp,Programmeren in Java 2,,
386,Slob,Xanne,80998260,{'Lineaire Algebra'},Lineaire Algebra,,,,
387,Smallegange,Rachell,9287708,{'Software engineering'},Software engineering,,,,
388,Snelder,Shaya,19858730,"{'Heuristieken 1', 'Autonomous Agents 2'}",Autonomous Agents 2,Heuristieken 1,,,
389,Snippe,Dolf,57419039,{'Zoeken sturen en bewegen'},Zoeken sturen en bewegen,,,,
390,Soekhai,Marck,77392404,"{'Reflectie op de digitale cultuur', 'Webprogrammeren en databases', 'Netwerken en systeembeveiliging'}",Netwerken en systeembeveiliging,Reflectie op de digitale cultuur,Webprogrammeren en databases,,
391,Sonnemans,Logan,91527663,"{'Algoritmen en complexiteit', 'Databases 2'}",Algoritmen en complexiteit,Databases 2,,,
392,Speelman,Marrit,76924297,"{'Project Genetic Algorithms', 'Kansrekenen 2', 'Interactie-ontwerp'}",Interactie-ontwerp,Kansrekenen 2,Project Genetic Algorithms,,
393,Spronck,Kenan,42297781,{'Compilerbouw practicum'},Compilerbouw practicum,,,,
394,Steeman,Ya,37804282,{'Zoeken sturen en bewegen'},Zoeken sturen en bewegen,,,,
395,Stegink,Sharief,26207525,"{'Netwerken en systeembeveiliging', 'Databases 2'}",Databases 2,Netwerken en systeembeveiliging,,,
396,Sterenberg,Olaf,79167252,"{'Compilerbouw', 'Programmeren in Java 2', 'Calculus 2'}",Calculus 2,Compilerbouw,Programmeren in Java 2,,
397,Stienen,Wichard,55412918,"{'Lineaire Algebra', 'Calculus 2'}",Calculus 2,Lineaire Algebra,,,
398,Stokkel,Tom,74182182,"{'Lineaire Algebra', 'Project Numerical Recipes', 'Kansrekenen 2', 'Calculus 2'}",Calculus 2,Kansrekenen 2,Lineaire Algebra,Project Numerical Recipes,
399,Stoppels,Franke,64554442,{'Algoritmen en complexiteit'},Algoritmen en complexiteit,,,,
400,Streefland,Kamil,17823206,"{'Data Mining', 'Programmeren in Java 2', 'Kansrekenen 2'}",Data Mining,Kansrekenen 2,Programmeren in Java 2,,
401,Stroo,Gonca,39905995,{'Programmeren in Java 2'},Programmeren in Java 2,,,,
402,Stuurman,Franklin,56121590,"{'Netwerken en systeembeveiliging', 'Databases 2'}",Databases 2,Netwerken en systeembeveiliging,,,
403,Swiers,Chaimae,4921119,"{'Lineaire Algebra', 'Analysemethoden en -technieken', 'Programmeren in Java 2', 'Databases 2'}",Analysemethoden en -technieken,Databases 2,Lineaire Algebra,Programmeren in Java 2,
404,'t Jong,Christoffel,83415514,"{'Programmeren in Java 2', 'Moderne Databases', 'Calculus 2'}",Calculus 2,Moderne Databases,Programmeren in Java 2,,
405,'t Lam,Jorg,47982619,"{'Technology for games', 'Programmeren in Java 2'}",Programmeren in Java 2,Technology for games,,,
406,Talhaoui,Nermin,89985072,"{'Compilerbouw practicum', 'Bioinformatica', 'Software engineering'}",Bioinformatica,Compilerbouw practicum,Software engineering,,
407,Tamis,Elbertus,39659121,{'Kansrekenen 2'},Kansrekenen 2,,,,
408,Tap,Olof,88263855,{'Programmeren in Java 2'},Programmeren in Java 2,,,,
409,Tas,Sanja,95631564,"{'Compilerbouw', 'Software engineering'}",Compilerbouw,Software engineering,,,
410,Tas,Skye,49631542,"{'Kansrekenen 2', 'Moderne Databases', 'Databases 2'}",Databases 2,Kansrekenen 2,Moderne Databases,,
411,te Braak,Nanette,83266686,"{'Compilerbouw', 'Calculus 2', 'Moderne Databases', 'Architectuur en computerorganisatie'}",Architectuur en computerorganisatie,Calculus 2,Compilerbouw,Moderne Databases,
412,Teekens,Xiao,37399898,"{'Lineaire Algebra', 'Interactie-ontwerp', 'Programmeren in Java 2', 'Zoeken sturen en bewegen', 'Reflectie op de digitale cultuur'}",Interactie-ontwerp,Lineaire Algebra,Programmeren in Java 2,Reflectie op de digitale cultuur,Zoeken sturen en bewegen
413,ten Pas,Maan,20331158,"{'Heuristieken 1', 'Kansrekenen 2', 'Architectuur en computerorganisatie'}",Architectuur en computerorganisatie,Heuristieken 1,Kansrekenen 2,,
414,ten Pas,Tjalle,94686490,"{'Databases 2', 'Lineaire Algebra', 'Calculus 2'}",Calculus 2,Databases 2,Lineaire Algebra,,
415,ter Heide,Pleun,4568018,"{'Compilerbouw practicum', 'Heuristieken 1', 'Bioinformatica', 'Software engineering'}",Bioinformatica,Compilerbouw practicum,Heuristieken 1,Software engineering,
416,Terpstra,Aboubakr,82854435,{'Analysemethoden en -technieken'},Analysemethoden en -technieken,,,,
417,Tettero,Arianna,64053722,{'Programmeren in Java 2'},Programmeren in Java 2,,,,
418,Teuben,Jonah,53202517,"{'Compilerbouw', 'Zoeken sturen en bewegen', 'Webprogrammeren en databases', 'Bioinformatica'}",Bioinformatica,Compilerbouw,Webprogrammeren en databases,Zoeken sturen en bewegen,
419,Thielen,Rochelle,34262212,"{'Programmeren in Java 2', 'Kansrekenen 2'}",Kansrekenen 2,Programmeren in Java 2,,,
420,Thoma,Silvie,57595888,"{'Compilerbouw practicum', 'Collectieve Intelligentie'}",Collectieve Intelligentie,Compilerbouw practicum,,,
421,Tielemans,Ard,21964491,"{'Collectieve Intelligentie', 'Programmeren in Java 2', 'Data Mining', 'Algoritmen en complexiteit', 'Bioinformatica'}",Algoritmen en complexiteit,Bioinformatica,Collectieve Intelligentie,Data Mining,Programmeren in Java 2
422,Tijhof,Raja,36213792,{'Reflectie op de digitale cultuur'},Reflectie op de digitale cultuur,,,,
423,Tip,Bilal,19058315,{'Netwerken en systeembeveiliging'},Netwerken en systeembeveiliging,,,,
424,Tjeerdsma,Sarena,14591033,"{'Lineaire Algebra', 'Calculus 2', 'Heuristieken 1', 'Kansrekenen 2', 'Bioinformatica'}",Bioinformatica,Calculus 2,Heuristieken 1,Kansrekenen 2,Lineaire Algebra
425,Toetenel,Hedwich,66034145,"{'Webprogrammeren en databases', 'Interactie-ontwerp'}",Interactie-ontwerp,Webprogrammeren en databases,,,
426,Toren,Samentha,24875739,"{'Kansrekenen 2', 'Calculus 2'}",Calculus 2,Kansrekenen 2,,,
427,Traa,Liza,83869542,"{'Heuristieken 2', 'Databases 2'}",Databases 2,Heuristieken 2,,,
428,Truijen,Tom,9067939,"{'Compilerbouw', 'Zoeken sturen en bewegen'}",Compilerbouw,Zoeken sturen en bewegen,,,
429,Tun,Jacey,82390428,{'Reflectie op de digitale cultuur'},Reflectie op de digitale cultuur,,,,
430,Twigt,Annamaria,78544592,"{'Moderne Databases', 'Calculus 2'}",Calculus 2,Moderne Databases,,,
431,Ubbink,Arina,57701414,{'Zoeken sturen en bewegen'},Zoeken sturen en bewegen,,,,
432,Udo,Emme,42171678,"{'Heuristieken 1', 'Collectieve Intelligentie', 'Zoeken sturen en bewegen', 'Moderne Databases'}",Collectieve Intelligentie,Heuristieken 1,Moderne Databases,Zoeken sturen en bewegen,
433,Uitslag,Felien,43027916,"{'Heuristieken 2', 'Analysemethoden en -technieken', 'Collectieve Intelligentie', 'Databases 2'}",Analysemethoden en -technieken,Collectieve Intelligentie,Databases 2,Heuristieken 2,
434,Ursem,Keely,14816774,"{'Databases 2', 'Heuristieken 1', 'Bioinformatica', 'Calculus 2'}",Bioinformatica,Calculus 2,Databases 2,Heuristieken 1,
435,Vaatstra,Nygel,14309255,"{'Compilerbouw', 'Technology for games', 'Software engineering', 'Moderne Databases'}",Compilerbouw,Moderne Databases,Software engineering,Technology for games,
436,Valster,Dineke,20830477,"{'Heuristieken 1', 'Programmeren in Java 2'}",Heuristieken 1,Programmeren in Java 2,,,
437,van Aaken,Shairon,24167153,{'Zoeken sturen en bewegen'},Zoeken sturen en bewegen,,,,
438,van Aalderen,Said,63408522,{'Kansrekenen 2'},Kansrekenen 2,,,,
439,van Amelsvoort,Cherilyn,97019450,"{'Analysemethoden en -technieken', 'Heuristieken 1', 'Programmeren in Java 2', 'Kansrekenen 2'}",Analysemethoden en -technieken,Heuristieken 1,Kansrekenen 2,Programmeren in Java 2,
440,van Amerongen,Leo,73196865,{'Programmeren in Java 2'},Programmeren in Java 2,,,,
441,van Amersfoort,Peter-Jan,65318664,"{'Analysemethoden en -technieken', 'Software engineering'}",Analysemethoden en -technieken,Software engineering,,,
442,van Apeldoorn,Jacky,28055464,{'Interactie-ontwerp'},Interactie-ontwerp,,,,
443,van Baaren,Nika,87830198,"{'Project Genetic Algorithms', 'Analysemethoden en -technieken', 'Reflectie op de digitale cultuur', 'Netwerken en systeembeveiliging'}",Analysemethoden en -technieken,Netwerken en systeembeveiliging,Project Genetic Algorithms,Reflectie op de digitale cultuur,
444,van Barneveld,Cemil,90474003,"{'Reflectie op de digitale cultuur', 'Zoeken sturen en bewegen', 'Databases 2'}",Databases 2,Reflectie op de digitale cultuur,Zoeken sturen en bewegen,,
445,van Bavel,Johannus,81022997,"{'Data Mining', 'Project Numerical Recipes', 'Heuristieken 2', 'Netwerken en systeembeveiliging'}",Data Mining,Heuristieken 2,Netwerken en systeembeveiliging,Project Numerical Recipes,
446,van Bentem,Lody,21070547,{'Project Numerical Recipes'},Project Numerical Recipes,,,,
447,van Berkom,Ynte,99975346,"{'Heuristieken 2', 'Reflectie op de digitale cultuur'}",Heuristieken 2,Reflectie op de digitale cultuur,,,
448,van Bezooijen,Liedeke,28357474,"{'Collectieve Intelligentie', 'Software engineering'}",Collectieve Intelligentie,Software engineering,,,
449,van de Bunt,Emircan,75759231,{'Compilerbouw'},Compilerbouw,,,,
450,van de Geijn,Robbie,70193386,"{'Reflectie op de digitale cultuur', 'Analysemethoden en -technieken'}",Analysemethoden en -technieken,Reflectie op de digitale cultuur,,,
451,van de Kraats,Patryk,63111000,"{'Machine Learning', 'Programmeren in Java 2', 'Moderne Databases'}",Machine Learning,Moderne Databases,Programmeren in Java 2,,
452,van de Kruijs,Kamila,81116418,{'Project Numerical Recipes'},Project Numerical Recipes,,,,
453,van de Kruijs,Rayen,27187154,"{'Calculus 2', 'Compilerbouw', 'Programmeren in Java 2', 'Machine Learning', 'Kansrekenen 2'}",Calculus 2,Compilerbouw,Kansrekenen 2,Machine Learning,Programmeren in Java 2
454,van de Kuilen,Roswitha,32183908,{'Project Numerical Recipes'},Project Numerical Recipes,,,,
455,van de Pavert,Rudy,31306819,{'Calculus 2'},Calculus 2,,,,
456,van de Pol,Shawny,42196732,"{'Lineaire Algebra', 'Collectieve Intelligentie', 'Bioinformatica', 'Databases 2'}",Bioinformatica,Collectieve Intelligentie,Databases 2,Lineaire Algebra,
457,van de Ridder,Leida,6913074,"{'Reflectie op de digitale cultuur', 'Programmeren in Java 2', 'Bioinformatica', 'Calculus 2'}",Bioinformatica,Calculus 2,Programmeren in Java 2,Reflectie op de digitale cultuur,
458,van de Sanden,Jurre,66120270,"{'Bioinformatica', 'Netwerken en systeembeveiliging'}",Bioinformatica,Netwerken en systeembeveiliging,,,
459,van de Wardt,Paulette,61518436,"{'Machine Learning', 'Reflectie op de digitale cultuur', 'Kansrekenen 2'}",Kansrekenen 2,Machine Learning,Reflectie op de digitale cultuur,,
460,van den Berg,Nanke,67625383,{'Machine Learning'},Machine Learning,,,,
461,van den Boer,Btissam,97371272,"{'Technology for games', 'Kansrekenen 2'}",Kansrekenen 2,Technology for games,,,
462,van den Born,Enrique,32204977,"{'Technology for games', 'Compilerbouw practicum', 'Informatie- en organisatieontwerp'}",Compilerbouw practicum,Informatie- en organisatieontwerp,Technology for games,,
463,van den Eijnde,Cyrano,81218347,"{'Lineaire Algebra', 'Heuristieken 1', 'Kansrekenen 2'}",Heuristieken 1,Kansrekenen 2,Lineaire Algebra,,
464,van den Engel,Ceren,8464817,"{'Compilerbouw', 'Programmeren in Java 2'}",Compilerbouw,Programmeren in Java 2,,,
465,van den Ham,Cyrille,51791169,{'Programmeren in Java 2'},Programmeren in Java 2,,,,
466,van den Hoogen,Leon,55530367,{'Calculus 2'},Calculus 2,,,,
467,van den Oord,Amos,79858178,{'Kansrekenen 2'},Kansrekenen 2,,,,
468,van der Doelen,Chelly,57086672,"{'Heuristieken 2', 'Analysemethoden en -technieken', 'Webprogrammeren en databases', 'Reflectie op de digitale cultuur'}",Analysemethoden en -technieken,Heuristieken 2,Reflectie op de digitale cultuur,Webprogrammeren en databases,
469,van der Drift,Tamar,55103073,{'Compilerbouw practicum'},Compilerbouw practicum,,,,
470,van der Gaag,Lakshmi,15187217,{'Databases 2'},Databases 2,,,,
471,van der Geer,Deejay,51566595,"{'Heuristieken 2', 'Data Mining', 'Databases 2', 'Algoritmen en complexiteit', 'Autonomous Agents 2'}",Algoritmen en complexiteit,Autonomous Agents 2,Data Mining,Databases 2,Heuristieken 2
472,van der Gulik,Ferhan,41489515,{'Moderne Databases'},Moderne Databases,,,,
473,van der Klei,Daisy,77896638,"{'Lineaire Algebra', 'Compilerbouw', 'Programmeren in Java 2', 'Collectieve Intelligentie', 'Databases 2'}",Collectieve Intelligentie,Compilerbouw,Databases 2,Lineaire Algebra,Programmeren in Java 2
474,van der Leek,Pearl,59111489,{'Moderne Databases'},Moderne Databases,,,,
475,van der Marel,Aynel,51509565,{'Algoritmen en complexiteit'},Algoritmen en complexiteit,,,,
476,van der Meer,Agelo,23983476,"{'Programmeren in Java 2', 'Algoritmen en complexiteit', 'Informatie- en organisatieontwerp'}",Algoritmen en complexiteit,Informatie- en organisatieontwerp,Programmeren in Java 2,,
477,van der Meeren,Abdul,64600457,"{'Programmeren in Java 2', 'Moderne Databases', 'Bioinformatica', 'Calculus 2'}",Bioinformatica,Calculus 2,Moderne Databases,Programmeren in Java 2,
478,van der Meij,Geerte,60312776,"{'Compilerbouw', 'Project Numerical Recipes', 'Collectieve Intelligentie', 'Software engineering'}",Collectieve Intelligentie,Compilerbouw,Project Numerical Recipes,Software engineering,
479,van der Niet,Maritha,41578612,"{'Lineaire Algebra', 'Analysemethoden en -technieken', 'Technology for games', 'Reflectie op de digitale cultuur', 'Project Genetic Algorithms'}",Analysemethoden en -technieken,Lineaire Algebra,Project Genetic Algorithms,Reflectie op de digitale cultuur,Technology for games
480,van der Plaats,Johannes,22288615,"{'Programmeren in Java 2', 'Webprogrammeren en databases'}",Programmeren in Java 2,Webprogrammeren en databases,,,
481,van der Plas,Graciella,32705005,"{'Kansrekenen 2', 'Calculus 2'}",Calculus 2,Kansrekenen 2,,,
482,van der Steege,Darian,23391676,"{'Programmeren in Java 2', 'Kansrekenen 2'}",Kansrekenen 2,Programmeren in Java 2,,,
483,van der Ster,Tos,23628642,{'Calculus 2'},Calculus 2,,,,
484,van der Stoel,Scotty,94687383,"{'Compilerbouw', 'Programmeren in Java 2'}",Compilerbouw,Programmeren in Java 2,,,
485,van der Vleuten,Yun,8557857,{'Informatie- en organisatieontwerp'},Informatie- en organisatieontwerp,,,,
486,van der Wiel,Josef,48678993,"{'Heuristieken 2', 'Analysemethoden en -technieken', 'Project Genetic Algorithms', 'Netwerken en systeembeveiliging'}",Analysemethoden en -technieken,Heuristieken 2,Netwerken en systeembeveiliging,Project Genetic Algorithms,
487,van der Zwet,Jos,6723948,"{'Calculus 2', 'Compilerbouw', 'Programmeren in Java 2', 'Zoeken sturen en bewegen', 'Bioinformatica'}",Bioinformatica,Calculus 2,Compilerbouw,Programmeren in Java 2,Zoeken sturen en bewegen
488,van Dieten,George,5739011,{'Heuristieken 2'},Heuristieken 2,,,,
489,van Dinther,Ilayda,11593163,{'Calculus 2'},Calculus 2,,,,
490,van Eert,Naciye,55474917,"{'Lineaire Algebra', 'Programmeren in Java 2', 'Kansrekenen 2', 'Software engineering'}",Kansrekenen 2,Lineaire Algebra,Programmeren in Java 2,Software engineering,
491,van Eeuwijk,Jayme,13996448,"{'Data Mining', 'Project Numerical Recipes', 'Programmeren in Java 2'}",Data Mining,Programmeren in Java 2,Project Numerical Recipes,,
492,van Eijndhoven,Juan,42406214,"{'Reflectie op de digitale cultuur', 'Project Numerical Recipes'}",Project Numerical Recipes,Reflectie op de digitale cultuur,,,
493,van Geest,Wytse,82688900,{'Kansrekenen 2'},Kansrekenen 2,,,,
494,van Gerwen,Carmela,76661016,"{'Compilerbouw', 'Project Genetic Algorithms', 'Interactie-ontwerp', 'Calculus 2'}",Calculus 2,Compilerbouw,Interactie-ontwerp,Project Genetic Algorithms,
495,van Groeningen,Joshi,5595824,"{'Compilerbouw', 'Analysemethoden en -technieken'}",Analysemethoden en -technieken,Compilerbouw,,,
496,van Hall,Ouidad,37744525,"{'Programmeren in Java 2', 'Data Mining', 'Machine Learning', 'Software engineering', 'Netwerken en systeembeveiliging'}",Data Mining,Machine Learning,Netwerken en systeembeveiliging,Programmeren in Java 2,Software engineering
497,van Halteren,Walther,69086548,"{'Technology for games', 'Kansrekenen 2'}",Kansrekenen 2,Technology for games,,,
498,van Herten,Tamimount,88627897,"{'Autonomous Agents 2', 'Zoeken sturen en bewegen'}",Autonomous Agents 2,Zoeken sturen en bewegen,,,
499,van Hezik,Shauny,63955238,"{'Kansrekenen 2', 'Zoeken sturen en bewegen'}",Kansrekenen 2,Zoeken sturen en bewegen,,,
500,van Ierland,Nalinie,76648468,{'Webprogrammeren en databases'},Webprogrammeren en databases,,,,
501,van Ingen,Berit,3707829,"{'Zoeken sturen en bewegen', 'Algoritmen en complexiteit', 'Interactie-ontwerp'}",Algoritmen en complexiteit,Interactie-ontwerp,Zoeken sturen en bewegen,,
502,van Iwaarden,Aidan,80135353,"{'Compilerbouw', 'Programmeren in Java 2'}",Compilerbouw,Programmeren in Java 2,,,
503,van Kalsbeek,Ciske,25330192,"{'Data Mining', 'Netwerken en systeembeveiliging'}",Data Mining,Netwerken en systeembeveiliging,,,
504,van Kasteel,Ycel,45915482,"{'Zoeken sturen en bewegen', 'Software engineering', 'Calculus 2'}",Calculus 2,Software engineering,Zoeken sturen en bewegen,,
505,van Kessel,Romany,75446434,{'Calculus 2'},Calculus 2,,,,
506,van Kommer,Demelza,79617364,"{'Lineaire Algebra', 'Bioinformatica', 'Calculus 2'}",Bioinformatica,Calculus 2,Lineaire Algebra,,
507,van Leussen,Seval,68286356,{'Reflectie op de digitale cultuur'},Reflectie op de digitale cultuur,,,,
508,van Lingen,Ruveyda,28618400,"{'Advanced Heuristics', 'Netwerken en systeembeveiliging', 'Project Numerical Recipes', 'Architectuur en computerorganisatie'}",Advanced Heuristics,Architectuur en computerorganisatie,Netwerken en systeembeveiliging,Project Numerical Recipes,
509,van Lingen,Touraya,68360259,{'Data Mining'},Data Mining,,,,
510,van Loon,Harwin,26406342,"{'Technology for games', 'Compilerbouw practicum', 'Collectieve Intelligentie', 'Databases 2'}",Collectieve Intelligentie,Compilerbouw practicum,Databases 2,Technology for games,
511,van Loveren,Lammigje,39459642,"{'Compilerbouw', 'Programmeren in Java 2', 'Machine Learning', 'Databases 2', 'Autonomous Agents 2'}",Autonomous Agents 2,Compilerbouw,Databases 2,Machine Learning,Programmeren in Java 2
512,van Luttikhuizen,Fae,56544130,"{'Analysemethoden en -technieken', 'Calculus 2'}",Analysemethoden en -technieken,Calculus 2,,,
513,van Maarseveen,Micha,78821918,"{'Project Genetic Algorithms', 'Analysemethoden en -technieken', 'Moderne Databases', 'Databases 2'}",Analysemethoden en -technieken,Databases 2,Moderne Databases,Project Genetic Algorithms,
514,van Marle,Meta,34243356,"{'Lineaire Algebra', 'Analysemethoden en -technieken', 'Compilerbouw', 'Kansrekenen 2', 'Netwerken en systeembeveiliging'}",Analysemethoden en -technieken,Compilerbouw,Kansrekenen 2,Lineaire Algebra,Netwerken en systeembeveiliging
515,van Maurik,Leon,88752563,"{'Compilerbouw', 'Databases 2', 'Project Numerical Recipes', 'Calculus 2'}",Calculus 2,Compilerbouw,Databases 2,Project Numerical Recipes,
516,van Mierlo,Abram,89180944,"{'Webprogrammeren en databases', 'Moderne Databases', 'Software engineering', 'Architectuur en computerorganisatie'}",Architectuur en computerorganisatie,Moderne Databases,Software engineering,Webprogrammeren en databases,
517,van Montfort,Ans,59753700,"{'Data Mining', 'Reflectie op de digitale cultuur', 'Zoeken sturen en bewegen'}",Data Mining,Reflectie op de digitale cultuur,Zoeken sturen en bewegen,,
518,van Mourik,Yuri,33877725,"{'Webprogrammeren en databases', 'Bioinformatica', 'Software engineering'}",Bioinformatica,Software engineering,Webprogrammeren en databases,,
519,van Munster,Yang,90103047,{'Project Numerical Recipes'},Project Numerical Recipes,,,,
520,van Oss,Miguel,12170832,{'Netwerken en systeembeveiliging'},Netwerken en systeembeveiliging,,,,
521,van Osta,Nanet,2550487,"{'Project Numerical Recipes', 'Programmeren in Java 2', 'Interactie-ontwerp'}",Interactie-ontwerp,Programmeren in Java 2,Project Numerical Recipes,,
522,van Plateringen,Sien,11741347,"{'Compilerbouw', 'Moderne Databases'}",Compilerbouw,Moderne Databases,,,
523,van Poorten,Fedoua,21029457,"{'Bioinformatica', 'Calculus 2'}",Bioinformatica,Calculus 2,,,
524,van Putten,Jetty,70878567,"{'Data Mining', 'Informatie- en organisatieontwerp', 'Bioinformatica'}",Bioinformatica,Data Mining,Informatie- en organisatieontwerp,,
525,van Ravesteijn,Jersey,20374340,{'Interactie-ontwerp'},Interactie-ontwerp,,,,
526,van Riel,Jodi,58592894,"{'Databases 2', 'Algoritmen en complexiteit', 'Moderne Databases', 'Calculus 2'}",Algoritmen en complexiteit,Calculus 2,Databases 2,Moderne Databases,
527,van Rietschoten,Cleo,79879876,"{'Heuristieken 1', 'Programmeren in Java 2'}",Heuristieken 1,Programmeren in Java 2,,,
528,van Roemburg,Caressa,7386961,{'Programmeren in Java 2'},Programmeren in Java 2,,,,
529,van Rosmalen,El,26172512,{'Lineaire Algebra'},Lineaire Algebra,,,,
530,van Rossem,Georgia,58736785,"{'Heuristieken 2', 'Heuristieken 1'}",Heuristieken 1,Heuristieken 2,,,
531,van Ruitenbeek,Dragana,34110913,{'Compilerbouw'},Compilerbouw,,,,
532,van Ruler,Borre,37498675,{'Kansrekenen 2'},Kansrekenen 2,,,,
533,van Santen,Marilene,16333449,"{'Lineaire Algebra', 'Webprogrammeren en databases'}",Lineaire Algebra,Webprogrammeren en databases,,,
534,van Sleeuwen,Sanne,9332762,"{'Technology for games', 'Programmeren in Java 2', 'Collectieve Intelligentie'}",Collectieve Intelligentie,Programmeren in Java 2,Technology for games,,
535,van Sommeren,Dalila,10698627,"{'Programmeren in Java 2', 'Webprogrammeren en databases'}",Programmeren in Java 2,Webprogrammeren en databases,,,
536,van Suijlekom,Elske,11996292,"{'Technology for games', 'Heuristieken 1', 'Moderne Databases', 'Databases 2'}",Databases 2,Heuristieken 1,Moderne Databases,Technology for games,
537,van 't Oever,Samah,47462856,"{'Kansrekenen 2', 'Moderne Databases'}",Kansrekenen 2,Moderne Databases,,,
538,van Teeffelen,Julot,96453361,"{'Zoeken sturen en bewegen', 'Algoritmen en complexiteit', 'Bioinformatica'}",Algoritmen en complexiteit,Bioinformatica,Zoeken sturen en bewegen,,
539,van Triest,Enrico,46989508,"{'Compilerbouw', 'Databases 2'}",Compilerbouw,Databases 2,,,
540,van Vloten,Tarik,83210352,"{'Lineaire Algebra', 'Software engineering'}",Lineaire Algebra,Software engineering,,,
541,van Voorden,Priscillia,29640619,"{'Collectieve Intelligentie', 'Programmeren in Java 2', 'Databases 2', 'Software engineering', 'Netwerken en systeembeveiliging'}",Collectieve Intelligentie,Databases 2,Netwerken en systeembeveiliging,Programmeren in Java 2,Software engineering
542,van Waardenburg,Anne-Jan,56191333,"{'Netwerken en systeembeveiliging', 'Databases 2'}",Databases 2,Netwerken en systeembeveiliging,,,
543,van Walsum,Maggy,37701751,"{'Interactie-ontwerp', 'Databases 2'}",Databases 2,Interactie-ontwerp,,,
544,van Wanrooij,Maran,65675896,"{'Compilerbouw practicum', 'Interactie-ontwerp'}",Compilerbouw practicum,Interactie-ontwerp,,,
545,van Weel,Renco,89338938,"{'Technology for games', 'Project Numerical Recipes', 'Kansrekenen 2', 'Software engineering'}",Kansrekenen 2,Project Numerical Recipes,Software engineering,Technology for games,
546,van Wensen,Hazel,35315956,{'Heuristieken 2'},Heuristieken 2,,,,
547,van Wiggen,Sanna,32595335,{'Lineaire Algebra'},Lineaire Algebra,,,,
548,van Zeijl,Hui,14138904,"{'Compilerbouw practicum', 'Heuristieken 1', 'Architectuur en computerorganisatie'}",Architectuur en computerorganisatie,Compilerbouw practicum,Heuristieken 1,,
549,van Zijderveld,Jorian,41153310,"{'Programmeren in Java 2', 'Software engineering'}",Programmeren in Java 2,Software engineering,,,
550,van Zoelen,Anthonius,64768422,{'Interactie-ontwerp'},Interactie-ontwerp,,,,
551,van Zon,Christiaan,66570705,{'Lineaire Algebra'},Lineaire Algebra,,,,
552,Veeke,Neele,48198668,{'Moderne Databases'},Moderne Databases,,,,
553,Veldhuis,Bobby,61443567,"{'Heuristieken 2', 'Programmeren in Java 2', 'Collectieve Intelligentie', 'Webprogrammeren en databases'}",Collectieve Intelligentie,Heuristieken 2,Programmeren in Java 2,Webprogrammeren en databases,
554,Velt,Vinod,17092717,"{'Webprogrammeren en databases', 'Databases 2'}",Databases 2,Webprogrammeren en databases,,,
555,Vendel,Nadja,91250534,{'Compilerbouw practicum'},Compilerbouw practicum,,,,
556,Verhorst,Solomon,88636924,{'Compilerbouw'},Compilerbouw,,,,
557,Verkuijl,Yuki,5085194,"{'Analysemethoden en -technieken', 'Compilerbouw practicum', 'Databases 2'}",Analysemethoden en -technieken,Compilerbouw practicum,Databases 2,,
558,Vermanen,Chloe,23565001,"{'Lineaire Algebra', 'Analysemethoden en -technieken', 'Calculus 2'}",Analysemethoden en -technieken,Calculus 2,Lineaire Algebra,,
559,Vermeeren,Talha,97136582,"{'Data Mining', 'Netwerken en systeembeveiliging'}",Data Mining,Netwerken en systeembeveiliging,,,
560,Versantvoort,Maureen,70072978,"{'Programmeren in Java 2', 'Moderne Databases', 'Databases 2'}",Databases 2,Moderne Databases,Programmeren in Java 2,,
561,Versteeg,Kavish,22323043,"{'Data Mining', 'Heuristieken 1', 'Technology for games', 'Software engineering'}",Data Mining,Heuristieken 1,Software engineering,Technology for games,
562,Vervaart,Sherman,12430748,"{'Technology for games', 'Project Numerical Recipes'}",Project Numerical Recipes,Technology for games,,,
563,Vingerhoets,Karim,98105190,"{'Compilerbouw', 'Heuristieken 1'}",Compilerbouw,Heuristieken 1,,,
564,Vinke,Jiri,73980360,{'Collectieve Intelligentie'},Collectieve Intelligentie,,,,
565,Vinken,Kamiel,73350019,{'Analysemethoden en -technieken'},Analysemethoden en -technieken,,,,
566,Visch,Arnela,95007221,{'Compilerbouw'},Compilerbouw,,,,
567,Voesten,Tjesse,13658563,"{'Reflectie op de digitale cultuur', 'Heuristieken 1', 'Zoeken sturen en bewegen', 'Informatie- en organisatieontwerp'}",Heuristieken 1,Informatie- en organisatieontwerp,Reflectie op de digitale cultuur,Zoeken sturen en bewegen,
568,Voigt,Edwinus,62363761,"{'Netwerken en systeembeveiliging', 'Calculus 2'}",Calculus 2,Netwerken en systeembeveiliging,,,
569,Volman,Nadien,31194811,"{'Compilerbouw', 'Technology for games'}",Compilerbouw,Technology for games,,,
570,Vooijs,Annemarie,5892092,{'Compilerbouw practicum'},Compilerbouw practicum,,,,
571,Voskuilen,Dax,78443067,"{'Moderne Databases', 'Software engineering', 'Calculus 2'}",Calculus 2,Moderne Databases,Software engineering,,
572,Vries,Jort,9731271,"{'Netwerken en systeembeveiliging', 'Programmeren in Java 2', 'Kansrekenen 2', 'Calculus 2'}",Calculus 2,Kansrekenen 2,Netwerken en systeembeveiliging,Programmeren in Java 2,
573,Vromans,Rhona,34806836,{'Autonomous Agents 2'},Autonomous Agents 2,,,,
574,Vullings,Zhen,53775014,{'Heuristieken 1'},Heuristieken 1,,,,
575,Wallenburg,Laurent,44828429,"{'Algoritmen en complexiteit', 'Interactie-ontwerp'}",Algoritmen en complexiteit,Interactie-ontwerp,,,
576,Waninge,Vasco,15051051,"{'Machine Learning', 'Zoeken sturen en bewegen', 'Bioinformatica', 'Moderne Databases'}",Bioinformatica,Machine Learning,Moderne Databases,Zoeken sturen en bewegen,
577,Warsame,Reduan,65960683,"{'Compilerbouw', 'Collectieve Intelligentie'}",Collectieve Intelligentie,Compilerbouw,,,
578,Weij,Matisse,37770881,"{'Compilerbouw', 'Collectieve Intelligentie', 'Project Genetic Algorithms'}",Collectieve Intelligentie,Compilerbouw,Project Genetic Algorithms,,
579,Welling,Jos,25106480,"{'Project Genetic Algorithms', 'Collectieve Intelligentie', 'Software engineering'}",Collectieve Intelligentie,Project Genetic Algorithms,Software engineering,,
580,Wensing,Evelina,56988998,"{'Machine Learning', 'Kansrekenen 2'}",Kansrekenen 2,Machine Learning,,,
581,Wesselink,Djamilla,28957789,"{'Kansrekenen 2', 'Zoeken sturen en bewegen', 'Calculus 2'}",Calculus 2,Kansrekenen 2,Zoeken sturen en bewegen,,
582,Wesselman,Eyup,58074656,{'Software engineering'},Software engineering,,,,
583,Wester,Harke,53107172,"{'Heuristieken 1', 'Collectieve Intelligentie'}",Collectieve Intelligentie,Heuristieken 1,,,
584,Westera,Yunus,2079771,"{'Compilerbouw', 'Machine Learning'}",Compilerbouw,Machine Learning,,,
585,Westgeest,Keshia,61520025,{'Calculus 2'},Calculus 2,,,,
586,Westra,Mies,12782624,{'Programmeren in Java 2'},Programmeren in Java 2,,,,
587,Wiegmans,Maryam,84449005,"{'Project Genetic Algorithms', 'Reflectie op de digitale cultuur', 'Moderne Databases'}",Moderne Databases,Project Genetic Algorithms,Reflectie op de digitale cultuur,,
588,Wielenga,Maris,19717077,{'Calculus 2'},Calculus 2,,,,
589,Wiersema,Filipe,72796858,"{'Compilerbouw', 'Autonomous Agents 2', 'Databases 2'}",Autonomous Agents 2,Compilerbouw,Databases 2,,
590,Wijers,Vigo,39429093,{'Advanced Heuristics'},Advanced Heuristics,,,,
591,Wijnands,Heiltje,48503689,"{'Compilerbouw', 'Project Numerical Recipes', 'Programmeren in Java 2'}",Compilerbouw,Programmeren in Java 2,Project Numerical Recipes,,
592,Wijngaarden,Marck,24277163,"{'Reflectie op de digitale cultuur', 'Collectieve Intelligentie', 'Moderne Databases', 'Databases 2'}",Collectieve Intelligentie,Databases 2,Moderne Databases,Reflectie op de digitale cultuur,
593,Wijnsma,Alexandra,72456780,"{'Analysemethoden en -technieken', 'Netwerken en systeembeveiliging', 'Databases 2'}",Analysemethoden en -technieken,Databases 2,Netwerken en systeembeveiliging,,
594,Wind,Ihsane,51052738,{'Reflectie op de digitale cultuur'},Reflectie op de digitale cultuur,,,,
595,Winkelaar,Yuna,23652927,{'Algoritmen en complexiteit'},Algoritmen en complexiteit,,,,
596,Wobbes,Jacko,30050930,{'Bioinformatica'},Bioinformatica,,,,
597,Woertman,Aya,75521763,"{'Informatie- en organisatieontwerp', 'Heuristieken 1', 'Collectieve Intelligentie', 'Technology for games', 'Moderne Databases'}",Collectieve Intelligentie,Heuristieken 1,Informatie- en organisatieontwerp,Moderne Databases,Technology for games
598,Wolswijk,Sayfeddine,28358060,{'Webprogrammeren en databases'},Webprogrammeren en databases,,,,
599,Wullink,Frederikus,33672995,"{'Analysemethoden en -technieken', 'Calculus 2'}",Analysemethoden en -technieken,Calculus 2,,,
600,Yazici,Gabriella,52715680,"{'Reflectie op de digitale cultuur', 'Compilerbouw practicum', 'Algoritmen en complexiteit', 'Software engineering'}",Algoritmen en complexiteit,Compilerbouw practicum,Reflectie op de digitale cultuur,Software engineering,
601,Yusuf,Vanita,10609762,{'Calculus 2'},Calculus 2,,,,
602,Zaaijer,Juno,94930277,"{'Heuristieken 1', 'Webprogrammeren en databases'}",Heuristieken 1,Webprogrammeren en databases,,,
603,Zagers,Fransiscus,39230359,"{'Webprogrammeren en databases', 'Kansrekenen 2'}",Kansrekenen 2,Webprogrammeren en databases,,,
604,Zhang,Mellanie,23658570,"{'Databases 2', 'Analysemethoden en -technieken', 'Programmeren in Java 2', 'Calculus 2'}",Analysemethoden en -technieken,Calculus 2,Databases 2,Programmeren in Java 2,
605,Zondag,Malte,14847953,"{'Advanced Heuristics', 'Webprogrammeren en databases', 'Interactie-ontwerp'}",Advanced Heuristics,Interactie-ontwerp,Webprogrammeren en databases,,
606,Zonneveld,Marise,98780382,{'Data Mining'},Data Mining,,,,
607,Zwarts,Chico,59289233,{'Architectuur en computerorganisatie'},Architectuur en computerorganisatie,,,,
608,Zweekhorst,Stein,21311067,{'Lineaire Algebra'},Lineaire Algebra,,,,
